"t","ld_disp","x","y","env1","env2","region","is_port","abund_sp1","avg_pheno_e1_sp1","avg_pheno_e2_sp1","abund_sp2","avg_pheno_e1_sp2","avg_pheno_e2_sp2","abund_sp3","avg_pheno_e1_sp3","avg_pheno_e2_sp3"
1,0.5,1,1,111.791,135.145,1,1,0,0,0,0,0,0,0,0,0
1,0.5,1,2,132.16,132.067,1,0,0,0,0,0,0,0,0,0,0
1,0.5,1,3,139.522,132.937,1,0,0,0,0,0,0,0,0,0,0
1,0.5,1,4,176.307,156.758,2,1,73,163.286,180.682,0,0,0,0,0,0
1,0.5,1,5,138.702,160.579,2,0,76,154.902,180.171,0,0,0,0,0,0
1,0.5,1,6,180.11,144.532,2,0,57,164.161,176.776,0,0,0,0,0,0
1,0.5,1,7,102.852,184.911,3,1,0,0,0,0,0,0,0,0,0
1,0.5,1,8,158.606,117.248,3,0,0,0,0,0,0,0,0,0,0
1,0.5,1,9,145.463,163.254,3,0,0,0,0,0,0,0,0,0,0
1,0.5,2,1,149.146,129.445,1,0,0,0,0,0,0,0,0,0,0
1,0.5,2,2,165.018,158.649,1,0,0,0,0,0,0,0,0,0,0
1,0.5,2,3,200.861,116.983,1,0,0,0,0,0,0,0,0,0,0
1,0.5,2,4,101.386,189.621,2,0,29,151.184,191.12,0,0,0,0,0,0
1,0.5,2,5,161.976,198.542,2,0,79,158.213,191.225,0,0,0,0,0,0
1,0.5,2,6,189.359,106.642,2,0,19,164.352,175.628,0,0,0,0,0,0
1,0.5,2,7,169.19,164.98,3,0,0,0,0,0,0,0,0,0,0
1,0.5,2,8,159.499,115.159,3,0,0,0,0,0,0,0,0,0,0
1,0.5,2,9,130.657,140.88,3,0,0,0,0,0,0,0,0,0,0
1,0.5,3,1,100.514,185.834,1,0,0,0,0,0,0,0,0,0,0
1,0.5,3,2,181.897,189.385,1,0,0,0,0,0,0,0,0,0,0
1,0.5,3,3,183.353,149.528,1,0,0,0,0,0,0,0,0,0,0
1,0.5,3,4,156.868,148.931,2,0,73,160.847,177.984,0,0,0,0,0,0
1,0.5,3,5,164.384,108.313,2,0,38,164.326,175.594,0,0,0,0,0,0
1,0.5,3,6,158.537,111.981,2,0,39,163.552,175.884,0,0,0,0,0,0
1,0.5,3,7,179.846,191.941,3,0,0,0,0,0,0,0,0,0,0
1,0.5,3,8,115.641,113.441,3,0,0,0,0,0,0,0,0,0,0
1,0.5,3,9,157.51,187.082,3,0,0,0,0,0,0,0,0,0,0
1,0.5,4,1,191.688,191.15,4,1,0,0,0,0,0,0,0,0,0
1,0.5,4,2,152.623,164.172,4,0,0,0,0,0,0,0,0,0,0
1,0.5,4,3,125.063,195.32,4,0,0,0,0,0,0,0,0,0,0
1,0.5,4,4,189.916,110.022,5,1,0,0,0,0,0,0,0,0,0
1,0.5,4,5,154.72,128.616,5,0,0,0,0,0,0,0,0,0,0
1,0.5,4,6,201.019,159.94,5,0,0,0,0,0,0,0,0,0,0
1,0.5,4,7,175.7,165.057,6,1,0,0,0,93,177.181,162.08,0,0,0
1,0.5,4,8,173.798,151.447,6,0,0,0,0,78,164.012,151.623,0,0,0
1,0.5,4,9,115.336,151.736,6,0,0,0,0,27,163.55,151.295,0,0,0
1,0.5,5,1,114.885,146.507,4,0,0,0,0,0,0,0,0,0,0
1,0.5,5,2,179.882,135.008,4,0,0,0,0,0,0,0,0,0,0
1,0.5,5,3,181.782,182.511,4,0,0,0,0,0,0,0,0,0,0
1,0.5,5,4,139.876,150.027,5,0,0,0,0,0,0,0,0,0,0
1,0.5,5,5,104.924,160.095,5,0,0,0,0,0,0,0,0,0,0
1,0.5,5,6,131.974,177.187,5,0,0,0,0,0,0,0,0,0,0
1,0.5,5,7,135.096,100.413,6,0,0,0,0,36,163.519,148.888,0,0,0
1,0.5,5,8,141.52,152.19,6,0,0,0,0,73,163.673,151.97,0,0,0
1,0.5,5,9,148.826,120.679,6,0,0,0,0,65,163.805,150.366,0,0,0
1,0.5,6,1,192.117,104.142,4,0,0,0,0,0,0,0,0,0,0
1,0.5,6,2,148.871,99.4869,4,0,0,0,0,0,0,0,0,0,0
1,0.5,6,3,147.842,171.396,4,0,0,0,0,0,0,0,0,0,0
1,0.5,6,4,196.414,175.252,5,0,0,0,0,0,0,0,0,0,0
1,0.5,6,5,114.842,165.373,5,0,0,0,0,0,0,0,0,0,0
1,0.5,6,6,169.697,189.916,5,0,0,0,0,0,0,0,0,0,0
1,0.5,6,7,141.645,181.95,6,0,0,0,0,72,166.22,166.911,0,0,0
1,0.5,6,8,191.764,171.792,6,0,0,0,0,77,178.776,164.603,0,0,0
1,0.5,6,9,180.054,144.231,6,0,0,0,0,76,175.666,154.268,0,0,0
1,0.5,7,1,164.828,109.433,7,1,0,0,0,0,0,0,0,0,0
1,0.5,7,2,188.414,162.455,7,0,0,0,0,0,0,0,0,0,0
1,0.5,7,3,160.755,116.398,7,0,0,0,0,0,0,0,0,0,0
1,0.5,7,4,167.96,175.333,8,1,0,0,0,0,0,0,0,0,0
1,0.5,7,5,165.151,185.285,8,0,0,0,0,0,0,0,0,0,0
1,0.5,7,6,126.982,168.594,8,0,0,0,0,0,0,0,0,0,0
1,0.5,7,7,173.187,122.503,9,1,0,0,0,0,0,0,95,176.046,122.3
1,0.5,7,8,141.966,175.483,9,0,0,0,0,0,0,0,43,168.39,133.364
1,0.5,7,9,130.649,127.469,9,0,0,0,0,0,0,0,73,162.378,131.162
1,0.5,8,1,118.714,195.967,7,0,0,0,0,0,0,0,0,0,0
1,0.5,8,2,118.135,167.506,7,0,0,0,0,0,0,0,0,0,0
1,0.5,8,3,137.942,147.5,7,0,0,0,0,0,0,0,0,0,0
1,0.5,8,4,165.014,178.702,8,0,0,0,0,0,0,0,0,0,0
1,0.5,8,5,151.889,175.315,8,0,0,0,0,0,0,0,0,0,0
1,0.5,8,6,163.467,138.756,8,0,0,0,0,0,0,0,0,0,0
1,0.5,8,7,184.084,109.875,9,0,0,0,0,0,0,0,84,176.764,121.244
1,0.5,8,8,132.987,178.801,9,0,0,0,0,0,0,0,36,162.453,132.863
1,0.5,8,9,166.696,176.922,9,0,0,0,0,0,0,0,47,168.299,133.36
1,0.5,9,1,185.578,135.762,7,0,0,0,0,0,0,0,0,0,0
1,0.5,9,2,102.145,141.99,7,0,0,0,0,0,0,0,0,0,0
1,0.5,9,3,145.916,178.732,7,0,0,0,0,0,0,0,0,0,0
1,0.5,9,4,114.357,167.313,8,0,0,0,0,0,0,0,0,0,0
1,0.5,9,5,177.416,131.397,8,0,0,0,0,0,0,0,0,0,0
1,0.5,9,6,178.026,108.904,8,0,0,0,0,0,0,0,0,0,0
1,0.5,9,7,137.089,144.678,9,0,0,0,0,0,0,0,77,162.58,132.752
1,0.5,9,8,160.633,105.18,9,0,0,0,0,0,0,0,77,167.902,123.202
1,0.5,9,9,153.24,124.106,9,0,0,0,0,0,0,0,66,167.524,123.216
101,0.5,1,1,142.542,136.492,1,1,0,0,0,0,0,0,41,175.949,122.246
101,0.5,1,2,132.111,130.551,1,0,0,0,0,0,0,0,50,175.577,121.615
101,0.5,1,3,139.048,134.134,1,0,0,0,0,0,0,0,53,175.676,121.841
101,0.5,1,4,203.845,155.045,2,1,0,0,0,71,177.386,161.38,0,0,0
101,0.5,1,5,140.011,159.236,2,0,77,153.882,175.848,0,0,0,0,0,0
101,0.5,1,6,182.624,143.963,2,0,61,164.386,174.613,0,0,0,0,0,0
101,0.5,1,7,135.08,183.917,3,1,69,163.699,180.491,0,0,0,0,0,0
101,0.5,1,8,156.394,117.38,3,0,27,163.906,179.496,0,0,0,0,0,0
101,0.5,1,9,146.959,162.764,3,0,81,163.762,180.133,0,0,0,0,0,0
101,0.5,2,1,149.04,130.758,1,0,0,0,0,0,0,0,71,175.742,121.882
101,0.5,2,2,164.798,155.793,1,0,0,0,0,0,0,0,41,175.876,122.61
101,0.5,2,3,197.627,117.156,1,0,0,0,0,0,0,0,77,176.728,121.78
101,0.5,2,4,102.483,189.887,2,0,32,151.175,190.899,0,0,0,0,0,0
101,0.5,2,5,161.691,196.86,2,0,86,158.169,191.344,0,0,0,0,0,0
101,0.5,2,6,190.758,108.137,2,0,23,164.576,173.651,0,0,0,0,0,0
101,0.5,2,7,169.68,161.983,3,0,73,164.237,180.1,0,0,0,0,0,0
101,0.5,2,8,159.953,115.616,3,0,35,163.918,179.648,0,0,0,0,0,0
101,0.5,2,9,131.327,139.277,3,0,52,163.567,179.74,0,0,0,0,0,0
101,0.5,3,1,102.275,186.377,1,0,0,0,0,0,0,0,11,175.715,122.561
101,0.5,3,2,182.945,187.979,1,0,0,0,0,0,0,0,30,176.239,122.658
101,0.5,3,3,181.505,149.247,1,0,0,0,0,0,0,0,79,176.658,121.913
101,0.5,3,4,158.061,148.73,2,0,79,161.894,175.002,0,0,0,0,0,0
101,0.5,3,5,167.672,110.837,2,0,39,164.398,174.1,0,0,0,0,0,0
101,0.5,3,6,159.916,109.926,2,0,43,164.504,174.637,0,0,0,0,0,0
101,0.5,3,7,179.834,192.188,3,0,68,164.001,180.587,0,0,0,0,0,0
101,0.5,3,8,116.228,114.095,3,0,12,163.708,180.051,0,0,0,0,0,0
101,0.5,3,9,158.082,188.513,3,0,91,163.54,180.551,0,0,0,0,0,0
101,0.5,4,1,221.227,189.677,4,1,0,0,0,49,177.392,162.483,0,0,0
101,0.5,4,2,151.882,162.844,4,0,0,0,0,76,175.481,162.254,0,0,0
101,0.5,4,3,125.935,195.849,4,0,0,0,0,23,173.927,162.876,0,0,0
101,0.5,4,4,217.408,110.628,5,1,0,0,0,0,0,0,52,178.132,121.236
101,0.5,4,5,155.624,129.947,5,0,0,0,0,0,0,0,49,176.661,121.663
101,0.5,4,6,198.681,160.559,5,0,0,0,0,0,0,0,54,177.664,121.693
101,0.5,4,7,207.634,166.517,6,1,0,0,0,66,178.003,162.295,0,0,0
101,0.5,4,8,173.716,151.479,6,0,0,0,0,88,163.273,149.27,0,0,0
101,0.5,4,9,114.725,154.544,6,0,0,0,0,20,162.616,149.526,0,0,0
101,0.5,5,1,115.156,145.633,4,0,0,0,0,42,174.653,162.215,0,0,0
101,0.5,5,2,178.932,135.413,4,0,0,0,0,46,176.595,161.56,0,0,0
101,0.5,5,3,181.57,182.659,4,0,0,0,0,80,176.264,162.437,0,0,0
101,0.5,5,4,138.312,150.656,5,0,0,0,0,64,177.367,161.629,0,0,0
101,0.5,5,5,106.23,161.06,5,0,0,0,0,27,176.962,161.859,0,0,0
101,0.5,5,6,130.49,178.692,5,0,0,0,0,59,177.028,162.135,0,0,0
101,0.5,5,7,134.073,100.998,6,0,0,0,0,25,163.181,148.786,0,0,0
101,0.5,5,8,140.625,151.58,6,0,0,0,0,75,163.06,149.655,0,0,0
101,0.5,5,9,150.021,122.872,6,0,0,0,0,73,163.149,149.07,0,0,0
101,0.5,6,1,191.315,103.357,4,0,0,0,0,31,177.611,160.603,0,0,0
101,0.5,6,2,147.341,100.503,4,0,0,0,0,34,176.358,161.29,0,0,0
101,0.5,6,3,148.488,171.483,4,0,0,0,0,52,176.784,162.355,0,0,0
101,0.5,6,4,199.542,174.588,5,0,0,0,0,74,177.569,162.053,0,0,0
101,0.5,6,5,113.997,165.138,5,0,0,0,0,3,176.964,162.154,0,0,0
101,0.5,6,6,169.45,190.418,5,0,0,0,0,77,177.123,162.12,0,0,0
101,0.5,6,7,141.596,184.198,6,0,0,0,0,73,165.087,166.912,0,0,0
101,0.5,6,8,191.941,170.325,6,0,0,0,0,80,178.998,164.671,0,0,0
101,0.5,6,9,177.319,143.267,6,0,0,0,0,76,175.491,151.156,0,0,0
101,0.5,7,1,193.702,110.241,7,1,0,0,0,0,0,0,78,177.527,121.413
101,0.5,7,2,189.187,161.568,7,0,0,0,0,0,0,0,45,176.797,121.631
101,0.5,7,3,160.665,117.458,7,0,0,0,0,0,0,0,52,176.186,121.615
101,0.5,7,4,196.841,173.921,8,1,61,163.977,180.439,0,0,0,0,0,0
101,0.5,7,5,164.303,186.326,8,0,96,163.386,180.54,0,0,0,0,0,0
101,0.5,7,6,128.057,168.762,8,0,63,162.139,180.69,0,0,0,0,0,0
101,0.5,7,7,202.308,122.971,9,1,0,0,0,0,0,0,77,177.783,121.331
101,0.5,7,8,144.635,175.642,9,0,0,0,0,0,0,0,45,167.883,133.525
101,0.5,7,9,131.341,127.188,9,0,0,0,0,0,0,0,72,160.448,131.192
101,0.5,8,1,120.902,194.908,7,0,0,0,0,0,0,0,7,175.817,121.686
101,0.5,8,2,115.685,166.267,7,0,0,0,0,0,0,0,27,175.653,121.619
101,0.5,8,3,137.387,148.377,7,0,0,0,0,0,0,0,47,175.673,121.766
101,0.5,8,4,166.736,178.707,8,0,68,163.638,180.375,0,0,0,0,0,0
101,0.5,8,5,151.866,174.977,8,0,85,162.886,180.52,0,0,0,0,0,0
101,0.5,8,6,162.497,137.969,8,0,44,163.555,179.628,0,0,0,0,0,0
101,0.5,8,7,184.496,108.508,9,0,0,0,0,0,0,0,83,177.746,121.039
101,0.5,8,8,134.375,179.967,9,0,0,0,0,0,0,0,43,160.563,133.315
101,0.5,8,9,164.776,177.321,9,0,0,0,0,0,0,0,46,168.127,133.616
101,0.5,9,1,187.969,134.057,7,0,0,0,0,0,0,0,45,177.34,121.7
101,0.5,9,2,103.117,140.713,7,0,0,0,0,0,0,0,25,175.64,121.658
101,0.5,9,3,144.798,178.22,7,0,0,0,0,0,0,0,43,175.633,121.686
101,0.5,9,4,115.564,167.006,8,0,44,162.37,180.643,0,0,0,0,0,0
101,0.5,9,5,178.281,131.39,8,0,52,163.736,179.907,0,0,0,0,0,0
101,0.5,9,6,176.189,108.249,8,0,19,163.747,179.484,0,0,0,0,0,0
101,0.5,9,7,137.678,146.003,9,0,0,0,0,0,0,0,78,161.706,132.94
101,0.5,9,8,159.301,106.219,9,0,0,0,0,0,0,0,83,167.121,122.918
101,0.5,9,9,150.678,124.107,9,0,0,0,0,0,0,0,74,166.976,123.101
201,0.5,1,1,141.067,135.047,1,1,0,0,0,0,0,0,49,175.206,132.423
201,0.5,1,2,133.398,130.017,1,0,0,0,0,0,0,0,47,174.737,130.649
201,0.5,1,3,136.326,134.416,1,0,0,0,0,0,0,0,57,174.577,131.337
201,0.5,1,4,207.046,155.094,2,1,0,0,0,66,179.042,161.992,0,0,0
201,0.5,1,5,138.516,160.008,2,0,81,153.35,175.525,0,0,0,0,0,0
201,0.5,1,6,180.62,145.026,2,0,61,164.498,173.677,0,0,0,0,0,0
201,0.5,1,7,134.21,182.611,3,1,67,162.784,178.959,0,0,0,0,0,0
201,0.5,1,8,158.045,117.703,3,0,29,163.469,177.492,0,0,0,0,0,0
201,0.5,1,9,146.596,160.857,3,0,86,163.541,177.632,0,0,0,0,0,0
201,0.5,2,1,148.883,128.044,1,0,0,0,0,0,0,0,67,175.115,129.423
201,0.5,2,2,164.251,156.824,1,0,0,0,0,0,0,0,58,175.507,133.242
201,0.5,2,3,200.004,115.527,1,0,0,0,0,0,0,0,73,177.298,121.815
201,0.5,2,4,103.019,189.197,2,0,27,151.174,190.857,0,0,0,0,0,0
201,0.5,2,5,157.509,198.037,2,0,85,157.907,191.5,0,0,0,0,0,0
201,0.5,2,6,192.869,110.343,2,0,22,164.62,173.625,0,0,0,0,0,0
201,0.5,2,7,168.44,165.258,3,0,68,164.034,178.793,0,0,0,0,0,0
201,0.5,2,8,159.566,115.195,3,0,33,163.539,177.458,0,0,0,0,0,0
201,0.5,2,9,131.368,138.863,3,0,57,163.35,177.454,0,0,0,0,0,0
201,0.5,3,1,100.061,186.056,1,0,0,0,0,0,0,0,13,173.536,133.59
201,0.5,3,2,184.054,187.548,1,0,0,0,0,0,0,0,41,175.469,133.46
201,0.5,3,3,183.061,151.44,1,0,0,0,0,0,0,0,77,175.874,133.259
201,0.5,3,4,158.283,149.432,2,0,78,161.789,174.584,0,0,0,0,0,0
201,0.5,3,5,166.538,110.849,2,0,33,164.682,173.639,0,0,0,0,0,0
201,0.5,3,6,157.089,111.972,2,0,47,164.533,173.649,0,0,0,0,0,0
201,0.5,3,7,177.725,193.445,3,0,68,164.194,179.727,0,0,0,0,0,0
201,0.5,3,8,115.621,110.479,3,0,16,163.433,177.327,0,0,0,0,0,0
201,0.5,3,9,157.098,188.352,3,0,82,163.556,178.624,0,0,0,0,0,0
201,0.5,4,1,220.666,191.38,4,1,0,0,0,46,179.019,162.792,0,0,0
201,0.5,4,2,152.355,163.05,4,0,0,0,0,86,172.337,163.153,0,0,0
201,0.5,4,3,126.298,195.862,4,0,0,0,0,34,172.223,163.62,0,0,0
201,0.5,4,4,216.771,109.908,5,1,0,0,0,0,0,0,56,179.077,120.497
201,0.5,4,5,155.115,129.32,5,0,0,0,0,0,0,0,52,174.174,121.956
201,0.5,4,6,199.964,161.053,5,0,0,0,0,0,0,0,49,176.99,122.078
201,0.5,4,7,205.862,165.499,6,1,0,0,0,77,179.08,162.384,0,0,0
201,0.5,4,8,172.748,151.822,6,0,0,0,0,91,162.425,149.333,0,0,0
201,0.5,4,9,115.128,152.284,6,0,0,0,0,27,161.72,149.925,0,0,0
201,0.5,5,1,116.005,145.707,4,0,0,0,0,39,172.297,162.308,0,0,0
201,0.5,5,2,180.551,135.653,4,0,0,0,0,45,176.961,160.743,0,0,0
201,0.5,5,3,181.58,183.065,4,0,0,0,0,77,173.163,162.99,0,0,0
201,0.5,5,4,139.352,149.201,5,0,0,0,0,64,176.246,161.812,0,0,0
201,0.5,5,5,103.923,159.718,5,0,0,0,0,26,175.413,161.989,0,0,0
201,0.5,5,6,132.465,178.64,5,0,0,0,0,59,175.872,162.231,0,0,0
201,0.5,5,7,132.131,97.5648,6,0,0,0,0,37,162.227,148.417,0,0,0
201,0.5,5,8,141.304,154.931,6,0,0,0,0,70,162.021,149.479,0,0,0
201,0.5,5,9,150.194,121.504,6,0,0,0,0,74,162.287,148.781,0,0,0
201,0.5,6,1,192.133,103.818,4,0,0,0,0,28,177.472,159.942,0,0,0
201,0.5,6,2,147.585,98.9865,4,0,0,0,0,36,173.304,160.191,0,0,0
201,0.5,6,3,150.118,172.029,4,0,0,0,0,52,172.618,162.66,0,0,0
201,0.5,6,4,197.016,174.368,5,0,0,0,0,75,176.758,161.965,0,0,0
201,0.5,6,5,113.79,166.23,5,0,0,0,0,11,175.733,162.075,0,0,0
201,0.5,6,6,167.428,190.941,5,0,0,0,0,68,176.207,162.259,0,0,0
201,0.5,6,7,143.024,183.724,6,0,0,0,0,79,164.537,167.781,0,0,0
201,0.5,6,8,192.198,169.849,6,0,0,0,0,75,179.052,164.717,0,0,0
201,0.5,6,9,180.042,144.595,6,0,0,0,0,81,176.964,150.137,0,0,0
201,0.5,7,1,193.834,109.428,7,1,0,0,0,0,0,0,77,178.468,120.575
201,0.5,7,2,187.34,160.478,7,0,0,0,0,0,0,0,46,177.198,125.563
201,0.5,7,3,159.434,115.404,7,0,0,0,0,0,0,0,54,176.275,123.563
201,0.5,7,4,195.46,173.538,8,1,64,163.996,178.805,0,0,0,0,0,0
201,0.5,7,5,163.717,184.929,8,0,91,162.664,179.613,0,0,0,0,0,0
201,0.5,7,6,127.58,169.429,8,0,69,160.818,180.677,0,0,0,0,0,0
201,0.5,7,7,204.234,124.056,9,1,0,0,0,0,0,0,74,178.329,121.006
201,0.5,7,8,145.438,176.862,9,0,0,0,0,0,0,0,47,167.682,133.874
201,0.5,7,9,128.872,126.834,9,0,0,0,0,0,0,0,77,159.69,132.192
201,0.5,8,1,119.719,196.49,7,0,0,0,0,0,0,0,13,172.21,124.525
201,0.5,8,2,117.293,165.971,7,0,0,0,0,0,0,0,38,171.173,124.207
201,0.5,8,3,138.686,147.353,7,0,0,0,0,0,0,0,44,171.174,124.167
201,0.5,8,4,163.733,182.225,8,0,77,163.714,178.52,0,0,0,0,0,0
201,0.5,8,5,152.513,174.84,8,0,76,160.946,180.542,0,0,0,0,0,0
201,0.5,8,6,162.748,138.147,8,0,47,163.7,177.117,0,0,0,0,0,0
201,0.5,8,7,183.703,107.712,9,0,0,0,0,0,0,0,86,178.096,120.764
201,0.5,8,8,135.477,179.691,9,0,0,0,0,0,0,0,44,159.58,136.482
201,0.5,8,9,164.037,178.839,9,0,0,0,0,0,0,0,49,167.832,133.775
201,0.5,9,1,186.694,133.672,7,0,0,0,0,0,0,0,47,177.408,122.6
201,0.5,9,2,102.496,141.432,7,0,0,0,0,0,0,0,25,171.151,123.873
201,0.5,9,3,145.169,179.708,7,0,0,0,0,0,0,0,42,171.173,124.203
201,0.5,9,4,114.38,167.06,8,0,40,160.584,180.138,0,0,0,0,0,0
201,0.5,9,5,177.673,131.288,8,0,47,163.845,177.19,0,0,0,0,0,0
201,0.5,9,6,180.009,109.152,8,0,20,164.036,176.859,0,0,0,0,0,0
201,0.5,9,7,136.483,142.005,9,0,0,0,0,0,0,0,77,159.517,136.219
201,0.5,9,8,160.55,105.759,9,0,0,0,0,0,0,0,77,166.8,122.811
201,0.5,9,9,151.536,124.583,9,0,0,0,0,0,0,0,63,166.622,122.846
301,0.5,1,1,142.263,135.127,1,1,0,0,0,0,0,0,50,174.056,133.397
301,0.5,1,2,131.246,130.556,1,0,0,0,0,0,0,0,51,170.826,132.962
301,0.5,1,3,140.639,134.325,1,0,0,0,0,0,0,0,63,171.548,133.498
301,0.5,1,4,205.989,156.078,2,1,0,0,0,66,179.897,162.432,0,0,0
301,0.5,1,5,139.791,158.968,2,0,78,152.841,175.788,0,0,0,0,0,0
301,0.5,1,6,180.688,141.5,2,0,66,165.005,173.415,0,0,0,0,0,0
301,0.5,1,7,134.747,183.509,3,1,75,160.528,178.691,0,0,0,0,0,0
301,0.5,1,8,158.891,117.027,3,0,29,160.998,175.998,0,0,0,0,0,0
301,0.5,1,9,146.945,161.596,3,0,79,161.118,176.446,0,0,0,0,0,0
301,0.5,2,1,149.296,128.613,1,0,0,0,0,0,0,0,68,170.879,133.301
301,0.5,2,2,165.149,156.667,1,0,0,0,0,0,0,0,56,175.268,134.561
301,0.5,2,3,199.707,115.127,1,0,0,0,0,0,0,0,80,177.708,121.855
301,0.5,2,4,102.86,190.432,2,0,34,151.16,191.617,0,0,0,0,0,0
301,0.5,2,5,160.229,197.797,2,0,85,157.859,191.634,0,0,0,0,0,0
301,0.5,2,6,190.101,108.498,2,0,24,164.6,170.333,0,0,0,0,0,0
301,0.5,2,7,168.895,162.481,3,0,63,163.675,177.512,0,0,0,0,0,0
301,0.5,2,8,159.355,116.336,3,0,28,161.079,175.759,0,0,0,0,0,0
301,0.5,2,9,132.779,141.343,3,0,60,160.761,176.314,0,0,0,0,0,0
301,0.5,3,1,101.586,184.44,1,0,0,0,0,0,0,0,20,169.753,133.89
301,0.5,3,2,183.659,189.036,1,0,0,0,0,0,0,0,45,176.147,136.042
301,0.5,3,3,183.276,150.603,1,0,0,0,0,0,0,0,86,176.152,135.382
301,0.5,3,4,157.667,148.41,2,0,83,161.492,171.02,0,0,0,0,0,0
301,0.5,3,5,165.789,110.643,2,0,37,164.163,170.599,0,0,0,0,0,0
301,0.5,3,6,158.029,111.385,2,0,42,163.757,170.622,0,0,0,0,0,0
301,0.5,3,7,177.397,192.496,3,0,74,165.739,180.668,0,0,0,0,0,0
301,0.5,3,8,112.547,113.491,3,0,22,160.519,175.236,0,0,0,0,0,0
301,0.5,3,9,158.784,187.927,3,0,91,161.682,178.231,0,0,0,0,0,0
301,0.5,4,1,222.932,191.152,4,1,0,0,0,54,179.64,162.977,0,0,0
301,0.5,4,2,152.486,163.376,4,0,0,0,0,80,172.195,163.478,0,0,0
301,0.5,4,3,126.835,195.484,4,0,0,0,0,35,172.19,164.113,0,0,0
301,0.5,4,4,218.74,110.072,5,1,0,0,0,0,0,0,55,180.077,120.749
301,0.5,4,5,156.256,128.508,5,0,0,0,0,0,0,0,52,174.451,122.553
301,0.5,4,6,200.13,161.108,5,0,0,0,0,0,0,0,56,177.796,123.829
301,0.5,4,7,207.721,164.238,6,1,0,0,0,74,179.711,162.768,0,0,0
301,0.5,4,8,173.119,152.751,6,0,0,0,0,89,161.21,148.693,0,0,0
301,0.5,4,9,115.013,151.93,6,0,0,0,0,31,161.022,148.973,0,0,0
301,0.5,5,1,115.762,146.129,4,0,0,0,0,42,172.124,160.574,0,0,0
301,0.5,5,2,180.315,137.081,4,0,0,0,0,48,177.842,159.037,0,0,0
301,0.5,5,3,182.161,181.755,4,0,0,0,0,82,173.301,163.297,0,0,0
301,0.5,5,4,139.419,149.771,5,0,0,0,0,63,174.045,162.074,0,0,0
301,0.5,5,5,104.91,159.445,5,0,0,0,0,34,173.687,162.136,0,0,0
301,0.5,5,6,129.821,179.403,5,0,0,0,0,54,174.563,162.59,0,0,0
301,0.5,5,7,132.376,99.2443,6,0,0,0,0,36,160.89,147.917,0,0,0
301,0.5,5,8,142.512,152.951,6,0,0,0,0,77,161.133,148.817,0,0,0
301,0.5,5,9,149.338,122.65,6,0,0,0,0,77,161.272,148.655,0,0,0
301,0.5,6,1,193.242,105.574,4,0,0,0,0,31,177.885,159.002,0,0,0
301,0.5,6,2,149.751,99.979,4,0,0,0,0,38,173.99,159.608,0,0,0
301,0.5,6,3,148.65,172.019,4,0,0,0,0,55,172.546,162.425,0,0,0
301,0.5,6,4,197.643,174.462,5,0,0,0,0,74,177.241,162.239,0,0,0
301,0.5,6,5,114.889,166.512,5,0,0,0,0,12,173.78,162.89,0,0,0
301,0.5,6,6,169.161,191.914,5,0,0,0,0,70,174.922,162.815,0,0,0
301,0.5,6,7,142.334,181.146,6,0,0,0,0,74,163.376,170.469,0,0,0
301,0.5,6,8,192.685,170.386,6,0,0,0,0,79,178.888,164.491,0,0,0
301,0.5,6,9,178.629,145.495,6,0,0,0,0,76,176.866,149.472,0,0,0
301,0.5,7,1,193.133,109.126,7,1,0,0,0,0,0,0,78,179.451,120.618
301,0.5,7,2,188.427,163.745,7,0,0,0,0,0,0,0,41,176.808,126.012
301,0.5,7,3,160.634,117.165,7,0,0,0,0,0,0,0,53,174.774,122.389
301,0.5,7,4,195.428,174.245,8,1,66,164.553,176.567,0,0,0,0,0,0
301,0.5,7,5,164.746,186.839,8,0,91,163.025,177.971,0,0,0,0,0,0
301,0.5,7,6,127.284,168.008,8,0,67,160.304,178.924,0,0,0,0,0,0
301,0.5,7,7,201.501,122.787,9,1,0,0,0,0,0,0,83,178.974,120.65
301,0.5,7,8,143.646,173.256,9,0,0,0,0,0,0,0,49,166.427,135.556
301,0.5,7,9,129.516,126.316,9,0,0,0,0,0,0,0,79,156.794,131.312
301,0.5,8,1,121.637,197.202,7,0,0,0,0,0,0,0,14,170.061,125.815
301,0.5,8,2,115.021,166.198,7,0,0,0,0,0,0,0,36,168.892,124.928
301,0.5,8,3,137.052,148.952,7,0,0,0,0,0,0,0,49,170.033,124.529
301,0.5,8,4,164.228,178.894,8,0,78,164.401,176.266,0,0,0,0,0,0
301,0.5,8,5,150.638,175.095,8,0,84,160.282,179.2,0,0,0,0,0,0
301,0.5,8,6,161.258,138.746,8,0,53,164.558,172.935,0,0,0,0,0,0
301,0.5,8,7,184.663,108.965,9,0,0,0,0,0,0,0,84,178.566,120.51
301,0.5,8,8,135.755,180.59,9,0,0,0,0,0,0,0,46,156.587,137.722
301,0.5,8,9,165.5,177.483,9,0,0,0,0,0,0,0,54,167.018,135.612
301,0.5,9,1,187.98,134.391,7,0,0,0,0,0,0,0,48,176.303,125.786
301,0.5,9,2,103.448,139.153,7,0,0,0,0,0,0,0,26,170.192,125.808
301,0.5,9,3,145.206,177.491,7,0,0,0,0,0,0,0,45,170.43,125.718
301,0.5,9,4,114.616,166.978,8,0,48,160.207,178.972,0,0,0,0,0,0
301,0.5,9,5,175.706,132.296,8,0,62,164.624,173.166,0,0,0,0,0,0
301,0.5,9,6,178.026,107.578,8,0,24,164.689,172.716,0,0,0,0,0,0
301,0.5,9,7,137.053,143.454,9,0,0,0,0,0,0,0,85,157.026,136.962
301,0.5,9,8,158.862,106.812,9,0,0,0,0,0,0,0,82,166.028,122.582
301,0.5,9,9,150.825,126.706,9,0,0,0,0,0,0,0,76,166.155,122.66
401,0.5,1,1,139.861,136.638,1,1,0,0,0,0,0,0,50,172.131,133.107
401,0.5,1,2,130.998,130.558,1,0,0,0,0,0,0,0,59,169.17,133.353
401,0.5,1,3,138.331,135.771,1,0,0,0,0,0,0,0,65,169.257,133.489
401,0.5,1,4,206.122,155.685,2,1,0,0,0,72,180.832,162.541,0,0,0
401,0.5,1,5,139.068,157.765,2,0,80,152.5,175.58,0,0,0,0,0,0
401,0.5,1,6,179.397,143.705,2,0,68,165.393,168.225,0,0,0,0,0,0
401,0.5,1,7,133.376,184.997,3,1,69,160.161,176.751,0,0,0,0,0,0
401,0.5,1,8,158.118,115.836,3,0,34,159.892,173.086,0,0,0,0,0,0
401,0.5,1,9,146.182,161.797,3,0,89,159.997,173.63,0,0,0,0,0,0
401,0.5,2,1,149.774,129.743,1,0,0,0,0,0,0,0,67,169.392,133.365
401,0.5,2,2,164.167,157.69,1,0,0,0,0,0,0,0,56,175.099,136.159
401,0.5,2,3,201.295,114.957,1,0,0,0,0,0,0,0,81,177.74,121.689
401,0.5,2,4,102.583,191.704,2,0,32,150.823,190.814,0,0,0,0,0,0
401,0.5,2,5,161.805,197.806,2,0,88,157.928,192.152,0,0,0,0,0,0
401,0.5,2,6,190.198,108.932,2,0,20,166.058,166.096,0,0,0,0,0,0
401,0.5,2,7,169.342,165.08,3,0,73,163.588,175.904,0,0,0,0,0,0
401,0.5,2,8,158.512,113.88,3,0,38,159.667,173.019,0,0,0,0,0,0
401,0.5,2,9,131.175,140.205,3,0,58,159.695,173.292,0,0,0,0,0,0
401,0.5,3,1,100.752,186.929,1,0,0,0,0,0,0,0,17,169.221,133.432
401,0.5,3,2,184.164,190.733,1,0,0,0,0,0,0,0,42,176.399,137.245
401,0.5,3,3,181.324,151.306,1,0,0,0,0,0,0,0,85,176.871,136.568
401,0.5,3,4,157.148,147.118,2,0,81,161.821,169.688,0,0,0,0,0,0
401,0.5,3,5,165.74,111.471,2,0,48,164.978,166.733,0,0,0,0,0,0
401,0.5,3,6,158.85,110.434,2,0,50,163.919,166.636,0,0,0,0,0,0
401,0.5,3,7,177.675,191.587,3,0,72,166.344,180.896,0,0,0,0,0,0
401,0.5,3,8,113.052,109.601,3,0,25,159.53,172.892,0,0,0,0,0,0
401,0.5,3,9,159.383,187.51,3,0,93,160.349,179.572,0,0,0,0,0,0
401,0.5,4,1,220.715,190.954,4,1,0,0,0,50,181.543,163.223,0,0,0
401,0.5,4,2,150.425,166.092,4,0,0,0,0,76,171.089,161.886,0,0,0
401,0.5,4,3,127.176,197.397,4,0,0,0,0,35,172.094,164.745,0,0,0
401,0.5,4,4,219.87,108.602,5,1,0,0,0,0,0,0,55,181.481,120.511
401,0.5,4,5,155.233,127.665,5,0,0,0,0,0,0,0,52,175.038,123.332
401,0.5,4,6,199.387,160.117,5,0,0,0,0,0,0,0,57,177.806,124.746
401,0.5,4,7,207.342,165.427,6,1,0,0,0,81,181.565,163.299,0,0,0
401,0.5,4,8,173.217,150.222,6,0,0,0,0,82,160.854,148.011,0,0,0
401,0.5,4,9,113.618,151.228,6,0,0,0,0,30,160.755,148.214,0,0,0
401,0.5,5,1,116.113,145.971,4,0,0,0,0,46,168.997,158.853,0,0,0
401,0.5,5,2,180.723,135.764,4,0,0,0,0,56,175.789,157.937,0,0,0
401,0.5,5,3,181.677,184.796,4,0,0,0,0,77,172.903,164.747,0,0,0
401,0.5,5,4,138.382,150.174,5,0,0,0,0,65,170.375,162.149,0,0,0
401,0.5,5,5,104.582,159.891,5,0,0,0,0,39,169.35,162.92,0,0,0
401,0.5,5,6,129.581,177.383,5,0,0,0,0,59,170.606,163.01,0,0,0
401,0.5,5,7,132.602,99.8273,6,0,0,0,0,37,160.842,147.169,0,0,0
401,0.5,5,8,142.149,154.658,6,0,0,0,0,73,160.814,147.945,0,0,0
401,0.5,5,9,147.183,120.395,6,0,0,0,0,77,160.926,147.965,0,0,0
401,0.5,6,1,193.301,104.778,4,0,0,0,0,35,178.059,158.056,0,0,0
401,0.5,6,2,147.758,100.086,4,0,0,0,0,39,169.611,157.652,0,0,0
401,0.5,6,3,148.783,170.673,4,0,0,0,0,58,171.201,163.55,0,0,0
401,0.5,6,4,195.281,173.337,5,0,0,0,0,71,177.754,162.351,0,0,0
401,0.5,6,5,115.347,166.782,5,0,0,0,0,17,171.31,163.172,0,0,0
401,0.5,6,6,167.754,188.497,5,0,0,0,0,72,172.509,163.543,0,0,0
401,0.5,6,7,143.273,184.823,6,0,0,0,0,74,162.568,170.8,0,0,0
401,0.5,6,8,191.237,170.596,6,0,0,0,0,79,179.467,164.872,0,0,0
401,0.5,6,9,179.211,142.662,6,0,0,0,0,81,176.841,148.714,0,0,0
401,0.5,7,1,193.866,109.739,7,1,0,0,0,0,0,0,75,181.045,120.247
401,0.5,7,2,188.755,161.944,7,0,0,0,0,0,0,0,52,176.991,127.242
401,0.5,7,3,159.244,116.233,7,0,0,0,0,0,0,0,56,171.198,121.023
401,0.5,7,4,197.514,173.556,8,1,70,165.19,175.379,0,0,0,0,0,0
401,0.5,7,5,166.103,186.194,8,0,87,163.277,177.163,0,0,0,0,0,0
401,0.5,7,6,129.465,167.25,8,0,63,159.298,177.927,0,0,0,0,0,0
401,0.5,7,7,203.469,122.517,9,1,0,0,0,0,0,0,83,180.736,120.502
401,0.5,7,8,144.794,174.604,9,0,0,0,0,0,0,0,49,165.257,136.018
401,0.5,7,9,130.694,126.469,9,0,0,0,0,0,0,0,79,155.807,128.902
401,0.5,8,1,119.716,196.282,7,0,0,0,0,0,0,0,18,167.358,125.806
401,0.5,8,2,117.153,165.78,7,0,0,0,0,0,0,0,39,167.361,127.229
401,0.5,8,3,137.54,146.742,7,0,0,0,0,0,0,0,55,168.31,126.572
401,0.5,8,4,164.276,179.398,8,0,81,164.827,175.366,0,0,0,0,0,0
401,0.5,8,5,151.239,174.63,8,0,87,159.331,178.066,0,0,0,0,0,0
401,0.5,8,6,161.488,139.357,8,0,55,164.85,170.655,0,0,0,0,0,0
401,0.5,8,7,183.133,105.839,9,0,0,0,0,0,0,0,91,179.944,120.273
401,0.5,8,8,135.209,181.876,9,0,0,0,0,0,0,0,53,156.351,139.825
401,0.5,8,9,167.434,177.444,9,0,0,0,0,0,0,0,62,166.156,135.987
401,0.5,9,1,189.458,134.369,7,0,0,0,0,0,0,0,56,181.956,126.223
401,0.5,9,2,102.591,140.611,7,0,0,0,0,0,0,0,27,167.279,125.831
401,0.5,9,3,145.636,177.266,7,0,0,0,0,0,0,0,47,168.028,127.334
401,0.5,9,4,115.241,168.35,8,0,43,159.339,177.816,0,0,0,0,0,0
401,0.5,9,5,177.428,132.136,8,0,66,164.756,170.354,0,0,0,0,0,0
401,0.5,9,6,179.415,111.661,8,0,30,164.97,169.781,0,0,0,0,0,0
401,0.5,9,7,136.861,141.802,9,0,0,0,0,0,0,0,79,156.277,138.833
401,0.5,9,8,160.265,104.368,9,0,0,0,0,0,0,0,78,165.344,122.565
401,0.5,9,9,153.954,125.01,9,0,0,0,0,0,0,0,72,165.219,122.525
501,0.5,1,1,142.718,133.985,1,1,0,0,0,0,0,0,48,171.569,135.12
501,0.5,1,2,131.775,130.873,1,0,0,0,0,0,0,0,64,168.162,133.452
501,0.5,1,3,138.114,133.11,1,0,0,0,0,0,0,0,65,168.074,133.507
501,0.5,1,4,206.841,156.163,2,1,0,0,0,76,181.826,162.114,0,0,0
501,0.5,1,5,138.267,159.759,2,0,80,152.082,166.098,0,0,0,0,0,0
501,0.5,1,6,180.001,143.617,2,0,74,167.022,165.552,0,0,0,0,0,0
501,0.5,1,7,133.418,182.412,3,1,72,159.27,175.744,0,0,0,0,0,0
501,0.5,1,8,160.037,115.924,3,0,38,159.442,171.067,0,0,0,0,0,0
501,0.5,1,9,146.333,161.027,3,0,90,159.3,171.444,0,0,0,0,0,0
501,0.5,2,1,148.793,128.638,1,0,0,0,0,0,0,0,65,168.247,133.677
501,0.5,2,2,165.835,159.2,1,0,0,0,0,0,0,0,65,174.604,137.498
501,0.5,2,3,198.702,115.046,1,0,0,0,0,0,0,0,78,177.766,121.699
501,0.5,2,4,104.105,193.243,2,0,32,149.969,190.3,0,0,0,0,0,0
501,0.5,2,5,160.879,198.703,2,0,94,157.883,192.71,0,0,0,0,0,0
501,0.5,2,6,193.152,109.065,2,0,26,166.885,165.214,0,0,0,0,0,0
501,0.5,2,7,169.565,164.639,3,0,77,163.716,173.92,0,0,0,0,0,0
501,0.5,2,8,159.766,114.669,3,0,39,159.4,171.034,0,0,0,0,0,0
501,0.5,2,9,131.713,140.33,3,0,64,159.237,171.169,0,0,0,0,0,0
501,0.5,3,1,100.835,187.06,1,0,0,0,0,0,0,0,18,167.345,134.967
501,0.5,3,2,182.509,190.256,1,0,0,0,0,0,0,0,45,175.638,138.038
501,0.5,3,3,183.044,151.044,1,0,0,0,0,0,0,0,87,176.917,137.699
501,0.5,3,4,158.911,149.74,2,0,81,161.489,167.356,0,0,0,0,0,0
501,0.5,3,5,164.978,109.19,2,0,51,165.713,164.543,0,0,0,0,0,0
501,0.5,3,6,160.279,111.199,2,0,54,165.177,164.841,0,0,0,0,0,0
501,0.5,3,7,181.121,190.858,3,0,79,166.231,181.622,0,0,0,0,0,0
501,0.5,3,8,115.203,113.661,3,0,28,159.191,171.03,0,0,0,0,0,0
501,0.5,3,9,154.867,189.452,3,0,88,160.443,180.546,0,0,0,0,0,0
501,0.5,4,1,220.591,189.955,4,1,0,0,0,52,181.686,163.641,0,0,0
501,0.5,4,2,153.173,163.316,4,0,0,0,0,85,168.76,161.55,0,0,0
501,0.5,4,3,125.704,196.222,4,0,0,0,0,43,168.272,165.369,0,0,0
501,0.5,4,4,217.501,109.382,5,1,0,0,0,0,0,0,59,181.47,120.056
501,0.5,4,5,154.669,130.149,5,0,0,0,0,0,0,0,55,172.221,124.758
501,0.5,4,6,198.162,159.675,5,0,0,0,0,0,0,0,54,177.856,124.978
501,0.5,4,7,205.82,166.949,6,1,0,0,0,69,181.865,163.1,0,0,0
501,0.5,4,8,174.155,155.061,6,0,0,0,0,90,161.017,148.224,0,0,0
501,0.5,4,9,114.337,151.458,6,0,0,0,0,32,160.429,148.122,0,0,0
501,0.5,5,1,114.674,147.688,4,0,0,0,0,50,168.373,157.383,0,0,0
501,0.5,5,2,180.801,135.692,4,0,0,0,0,51,176.868,157.27,0,0,0
501,0.5,5,3,182.931,183.38,4,0,0,0,0,74,175.895,165.044,0,0,0
501,0.5,5,4,137.014,151.244,5,0,0,0,0,75,166.923,160.263,0,0,0
501,0.5,5,5,106.845,161.16,5,0,0,0,0,38,166.529,161.205,0,0,0
501,0.5,5,6,130.922,177.426,5,0,0,0,0,61,167.255,164.284,0,0,0
501,0.5,5,7,134.221,101.542,6,0,0,0,0,42,160.379,146.489,0,0,0
501,0.5,5,8,141.05,152.44,6,0,0,0,0,77,160.37,147.751,0,0,0
501,0.5,5,9,147.776,121.523,6,0,0,0,0,68,160.504,146.95,0,0,0
501,0.5,6,1,191.971,104.206,4,0,0,0,0,33,178.391,156.879,0,0,0
501,0.5,6,2,149.226,100.242,4,0,0,0,0,44,168.429,157.369,0,0,0
501,0.5,6,3,147.552,169.529,4,0,0,0,0,55,168.605,163.95,0,0,0
501,0.5,6,4,195.521,177.083,5,0,0,0,0,80,177.812,162.144,0,0,0
501,0.5,6,5,114.511,165.207,5,0,0,0,0,18,166.975,163.945,0,0,0
501,0.5,6,6,168.931,188.331,5,0,0,0,0,73,169.661,166.228,0,0,0
501,0.5,6,7,143.98,182.507,6,0,0,0,0,80,162.329,170.941,0,0,0
501,0.5,6,8,189.819,171.664,6,0,0,0,0,84,179.658,164.906,0,0,0
501,0.5,6,9,179.091,143.59,6,0,0,0,0,76,176.534,148.748,0,0,0
501,0.5,7,1,193.04,109.716,7,1,0,0,0,0,0,0,87,181.542,119.753
501,0.5,7,2,189.91,162.013,7,0,0,0,0,0,0,0,52,177.482,128.063
501,0.5,7,3,159.965,117.161,7,0,0,0,0,0,0,0,58,171.177,119.803
501,0.5,7,4,196.827,175.462,8,1,71,165.119,175.106,0,0,0,0,0,0
501,0.5,7,5,163.75,186.81,8,0,87,163.499,177.844,0,0,0,0,0,0
501,0.5,7,6,126.588,169.267,8,0,73,158.978,177.656,0,0,0,0,0,0
501,0.5,7,7,203.903,122.296,9,1,0,0,0,0,0,0,81,181.422,119.92
501,0.5,7,8,143.588,176.631,9,0,0,0,0,0,0,0,48,165.676,136.548
501,0.5,7,9,128.061,127.27,9,0,0,0,0,0,0,0,78,154.227,128.159
501,0.5,8,1,120.766,195.595,7,0,0,0,0,0,0,0,15,166.51,128.314
501,0.5,8,2,117.936,165.989,7,0,0,0,0,0,0,0,40,165.415,128.438
501,0.5,8,3,136.755,147.685,7,0,0,0,0,0,0,0,58,165.696,128.311
501,0.5,8,4,163.359,178.983,8,0,73,164.839,176.213,0,0,0,0,0,0
501,0.5,8,5,153.188,174.886,8,0,81,158.985,177.638,0,0,0,0,0,0
501,0.5,8,6,163.141,139.122,8,0,56,165.038,168.403,0,0,0,0,0,0
501,0.5,8,7,186.038,108.169,9,0,0,0,0,0,0,0,90,181.127,119.666
501,0.5,8,8,133.551,180.037,9,0,0,0,0,0,0,0,57,156.094,140.734
501,0.5,8,9,165.531,175.371,9,0,0,0,0,0,0,0,60,166.057,136.659
501,0.5,9,1,187.125,134.493,7,0,0,0,0,0,0,0,56,182.191,126.757
501,0.5,9,2,100.721,139.524,7,0,0,0,0,0,0,0,31,165.878,128.09
501,0.5,9,3,145.39,178.752,7,0,0,0,0,0,0,0,52,165.626,128.447
501,0.5,9,4,114.718,167.073,8,0,50,158.923,177.55,0,0,0,0,0,0
501,0.5,9,5,177.268,130.872,8,0,67,164.972,168.54,0,0,0,0,0,0
501,0.5,9,6,179.933,110.939,8,0,29,165.055,168.341,0,0,0,0,0,0
501,0.5,9,7,135.132,144.342,9,0,0,0,0,0,0,0,75,156.096,140.211
501,0.5,9,8,159.545,107.873,9,0,0,0,0,0,0,0,83,164.042,122.192
501,0.5,9,9,151.516,124.964,9,0,0,0,0,0,0,0,75,164.139,122.322
601,0.5,1,1,141.016,134.659,1,1,0,0,0,0,0,0,50,170.507,135.84
601,0.5,1,2,130.986,130.152,1,0,0,0,0,0,0,0,60,166.663,133.712
601,0.5,1,3,139.672,133.946,1,0,0,0,0,0,0,0,69,166.83,133.571
601,0.5,1,4,206.432,154.901,2,1,0,0,0,75,182.703,162.331,0,0,0
601,0.5,1,5,138.586,158.823,2,0,82,151.967,165.63,0,0,0,0,0,0
601,0.5,1,6,180.978,143.13,2,0,77,168.32,162.838,0,0,0,0,0,0
601,0.5,1,7,131.627,182.18,3,1,73,158.497,177.431,0,0,0,0,0,0
601,0.5,1,8,159.314,115.832,3,0,39,158.334,169.992,0,0,0,0,0,0
601,0.5,1,9,141.653,161.508,3,0,86,158.331,170.27,0,0,0,0,0,0
601,0.5,2,1,149.139,128.725,1,0,0,0,0,0,0,0,68,166.769,134.204
601,0.5,2,2,164.649,157.898,1,0,0,0,0,0,0,0,63,172.412,138.057
601,0.5,2,3,200.28,117.151,1,0,0,0,0,0,0,0,76,178.531,121.677
601,0.5,2,4,103.923,190.113,2,0,36,149.876,189.608,0,0,0,0,0,0
601,0.5,2,5,160.973,198.801,2,0,84,157.592,193.231,0,0,0,0,0,0
601,0.5,2,6,191.018,108.714,2,0,32,168.469,162.332,0,0,0,0,0,0
601,0.5,2,7,170.865,164.074,3,0,77,164.15,173.75,0,0,0,0,0,0
601,0.5,2,8,158.515,114.098,3,0,40,158.494,169.392,0,0,0,0,0,0
601,0.5,2,9,131.086,142.217,3,0,70,157.868,170.243,0,0,0,0,0,0
601,0.5,3,1,102.245,188.041,1,0,0,0,0,0,0,0,18,166.678,134.863
601,0.5,3,2,183.554,189.869,1,0,0,0,0,0,0,0,47,176.422,138.68
601,0.5,3,3,182.955,150.09,1,0,0,0,0,0,0,0,85,177.12,138.204
601,0.5,3,4,158.187,146.917,2,0,88,160.828,165.054,0,0,0,0,0,0
601,0.5,3,5,166.859,109.508,2,0,47,166.878,162.24,0,0,0,0,0,0
601,0.5,3,6,159.597,110.025,2,0,52,164.641,162.371,0,0,0,0,0,0
601,0.5,3,7,178.237,191.868,3,0,77,166.369,182.2,0,0,0,0,0,0
601,0.5,3,8,114.55,113.611,3,0,28,157.463,169.885,0,0,0,0,0,0
601,0.5,3,9,157.699,188.395,3,0,88,160.257,181.059,0,0,0,0,0,0
601,0.5,4,1,222.859,191.319,4,1,0,0,0,56,181.89,163.832,0,0,0
601,0.5,4,2,152.064,165.042,4,0,0,0,0,78,167.235,162.541,0,0,0
601,0.5,4,3,125.382,196.827,4,0,0,0,0,43,164.841,166.28,0,0,0
601,0.5,4,4,219.981,110.44,5,1,0,0,0,0,0,0,63,184.375,120.271
601,0.5,4,5,156.045,127.865,5,0,0,0,0,0,0,0,61,171.911,125.15
601,0.5,4,6,199.34,161.168,5,0,0,0,0,0,0,0,56,177.909,125.273
601,0.5,4,7,207.727,165.591,6,1,0,0,0,82,182.439,162.919,0,0,0
601,0.5,4,8,171.404,152.751,6,0,0,0,0,86,159.526,147.192,0,0,0
601,0.5,4,9,113.845,151.715,6,0,0,0,0,31,158.467,146.863,0,0,0
601,0.5,5,1,117.383,146.117,4,0,0,0,0,50,167.632,157.539,0,0,0
601,0.5,5,2,181.236,136.582,4,0,0,0,0,57,178.261,155.991,0,0,0
601,0.5,5,3,181.149,183.832,4,0,0,0,0,75,175.495,165.317,0,0,0
601,0.5,5,4,138.747,150.208,5,0,0,0,0,80,163.694,159.456,0,0,0
601,0.5,5,5,103.759,158.961,5,0,0,0,0,44,162.908,161.611,0,0,0
601,0.5,5,6,131.567,177.03,5,0,0,0,0,73,163.113,165.63,0,0,0
601,0.5,5,7,133.224,102.335,6,0,0,0,0,44,159.005,145.629,0,0,0
601,0.5,5,8,138.899,152.069,6,0,0,0,0,72,158.685,147.488,0,0,0
601,0.5,5,9,148.559,122.002,6,0,0,0,0,72,159.349,146.257,0,0,0
601,0.5,6,1,194.394,103.333,4,0,0,0,0,39,178.468,155.863,0,0,0
601,0.5,6,2,148.277,99.4094,4,0,0,0,0,46,167.871,157.271,0,0,0
601,0.5,6,3,149.505,170.491,4,0,0,0,0,63,168.337,165.278,0,0,0
601,0.5,6,4,196.923,174.792,5,0,0,0,0,74,177.838,162.173,0,0,0
601,0.5,6,5,115.689,167.189,5,0,0,0,0,21,162.736,164.518,0,0,0
601,0.5,6,6,169.309,190.179,5,0,0,0,0,82,168.022,166.525,0,0,0
601,0.5,6,7,143.057,183.115,6,0,0,0,0,80,161.961,171.052,0,0,0
601,0.5,6,8,193.568,170.125,6,0,0,0,0,84,180.068,165.056,0,0,0
601,0.5,6,9,179.799,143.466,6,0,0,0,0,79,176.82,148.691,0,0,0
601,0.5,7,1,194.541,110.059,7,1,0,0,0,0,0,0,84,182.683,119.347
601,0.5,7,2,188.284,163.869,7,0,0,0,0,0,0,0,52,178.829,128.078
601,0.5,7,3,160.372,117.113,7,0,0,0,0,0,0,0,59,171.059,119.763
601,0.5,7,4,197.633,174.146,8,1,68,165.447,176.943,0,0,0,0,0,0
601,0.5,7,5,162.109,185.212,8,0,93,164.39,178.275,0,0,0,0,0,0
601,0.5,7,6,128.541,166.674,8,0,68,158.037,177.648,0,0,0,0,0,0
601,0.5,7,7,204.062,123.661,9,1,0,0,0,0,0,0,81,182.92,119.521
601,0.5,7,8,142.877,174.414,9,0,0,0,0,0,0,0,55,164.939,137.162
601,0.5,7,9,130.442,126.476,9,0,0,0,0,0,0,0,79,153.025,128.049
601,0.5,8,1,120.204,196.874,7,0,0,0,0,0,0,0,19,163.549,128.948
601,0.5,8,2,116.08,166.9,7,0,0,0,0,0,0,0,45,163.29,129.458
601,0.5,8,3,136.716,146.537,7,0,0,0,0,0,0,0,59,163.71,129.193
601,0.5,8,4,165.277,180.117,8,0,81,165.241,177.263,0,0,0,0,0,0
601,0.5,8,5,150.672,175.558,8,0,87,158.13,177.548,0,0,0,0,0,0
601,0.5,8,6,162.488,139.222,8,0,66,165.146,167.489,0,0,0,0,0,0
601,0.5,8,7,182.737,108.843,9,0,0,0,0,0,0,0,82,181.917,119.231
601,0.5,8,8,133.993,177.94,9,0,0,0,0,0,0,0,53,155.528,140.996
601,0.5,8,9,163.683,175.18,9,0,0,0,0,0,0,0,55,165.677,137.226
601,0.5,9,1,188.126,134.551,7,0,0,0,0,0,0,0,61,182.627,126.684
601,0.5,9,2,101.532,140.864,7,0,0,0,0,0,0,0,31,162.966,128.638
601,0.5,9,3,143.121,178.262,7,0,0,0,0,0,0,0,51,163.618,130.164
601,0.5,9,4,115.482,166.977,8,0,47,157.89,177.17,0,0,0,0,0,0
601,0.5,9,5,177.19,134.948,8,0,66,165.242,167.469,0,0,0,0,0,0
601,0.5,9,6,178.268,111.07,8,0,30,165.125,167.397,0,0,0,0,0,0
601,0.5,9,7,136.251,143.005,9,0,0,0,0,0,0,0,75,155.493,140.793
601,0.5,9,8,158.424,104.811,9,0,0,0,0,0,0,0,90,163.908,122.104
601,0.5,9,9,152.547,126.332,9,0,0,0,0,0,0,0,76,163.843,122.271
701,0.5,1,1,141.594,135.643,1,1,0,0,0,0,0,0,60,169.969,136.869
701,0.5,1,2,131.161,132,1,0,0,0,0,0,0,0,63,164.655,133.938
701,0.5,1,3,138.248,133.161,1,0,0,0,0,0,0,0,65,165.06,133.593
701,0.5,1,4,206.521,155.355,2,1,0,0,0,72,182.9,161.536,0,0,0
701,0.5,1,5,138.889,158.44,2,0,87,151.479,165.501,0,0,0,0,0,0
701,0.5,1,6,180.341,141.625,2,0,69,168.725,161.497,0,0,0,0,0,0
701,0.5,1,7,135.403,184.292,3,1,79,157.883,179.129,0,0,0,0,0,0
701,0.5,1,8,159.353,114.741,3,0,40,157.535,166.823,0,0,0,0,0,0
701,0.5,1,9,146.139,162.708,3,0,82,157.265,167.09,0,0,0,0,0,0
701,0.5,2,1,150.648,129.162,1,0,0,0,0,0,0,0,72,164.698,134.138
701,0.5,2,2,165.214,157.699,1,0,0,0,0,0,0,0,62,171.175,138.91
701,0.5,2,3,198.01,115.318,1,0,0,0,0,0,0,0,74,179.543,121.781
701,0.5,2,4,101.127,190.735,2,0,26,149.256,189.667,0,0,0,0,0,0
701,0.5,2,5,160.023,199.074,2,0,94,157.563,193.283,0,0,0,0,0,0
701,0.5,2,6,189.799,110.626,2,0,34,168.625,160.388,0,0,0,0,0,0
701,0.5,2,7,168.852,163.085,3,0,65,165.741,173.726,0,0,0,0,0,0
701,0.5,2,8,159.287,113.787,3,0,44,157.453,166.819,0,0,0,0,0,0
701,0.5,2,9,130.352,141.21,3,0,72,157.224,166.903,0,0,0,0,0,0
701,0.5,3,1,100.203,183.796,1,0,0,0,0,0,0,0,24,164.266,137.119
701,0.5,3,2,183.548,189.745,1,0,0,0,0,0,0,0,43,176.312,140.457
701,0.5,3,3,183.862,149.688,1,0,0,0,0,0,0,0,87,176.764,138.415
701,0.5,3,4,157.412,148.805,2,0,82,160.735,164.359,0,0,0,0,0,0
701,0.5,3,5,166.377,109.483,2,0,56,167.77,160.051,0,0,0,0,0,0
701,0.5,3,6,159.466,110.17,2,0,53,163.438,160.287,0,0,0,0,0,0
701,0.5,3,7,178.792,191.177,3,0,72,166.275,182.64,0,0,0,0,0,0
701,0.5,3,8,115.061,111.687,3,0,31,157.102,166.851,0,0,0,0,0,0
701,0.5,3,9,156.922,187.046,3,0,76,160.085,181.582,0,0,0,0,0,0
701,0.5,4,1,221.527,190.196,4,1,0,0,0,59,183.594,164.581,0,0,0
701,0.5,4,2,151.069,163.778,4,0,0,0,0,81,166.194,164.405,0,0,0
701,0.5,4,3,124.513,195.505,4,0,0,0,0,48,163.369,167.57,0,0,0
701,0.5,4,4,218.13,110.354,5,1,0,0,0,0,0,0,63,185.548,119.786
701,0.5,4,5,155.395,128.367,5,0,0,0,0,0,0,0,63,170.512,125.254
701,0.5,4,6,198.71,159.36,5,0,0,0,0,0,0,0,54,177.967,125.195
701,0.5,4,7,207.858,166.198,6,1,0,0,0,83,183.57,163.262,0,0,0
701,0.5,4,8,171.634,150.989,6,0,0,0,0,90,158.609,146.513,0,0,0
701,0.5,4,9,114.028,152.044,6,0,0,0,0,28,158.238,147.304,0,0,0
701,0.5,5,1,114.912,147.95,4,0,0,0,0,56,164.098,156.801,0,0,0
701,0.5,5,2,182.464,135.954,4,0,0,0,0,49,178.53,155.772,0,0,0
701,0.5,5,3,180.203,184.543,4,0,0,0,0,78,176.73,165.557,0,0,0
701,0.5,5,4,138.864,150.86,5,0,0,0,0,70,161.364,159.205,0,0,0
701,0.5,5,5,104.048,159.529,5,0,0,0,0,48,160.801,162.272,0,0,0
701,0.5,5,6,132.218,177.242,5,0,0,0,0,62,161.242,165.671,0,0,0
701,0.5,5,7,133.139,100.41,6,0,0,0,0,45,158.498,144.521,0,0,0
701,0.5,5,8,142.392,153.871,6,0,0,0,0,82,158.436,147.186,0,0,0
701,0.5,5,9,147.069,122.764,6,0,0,0,0,73,158.692,145.307,0,0,0
701,0.5,6,1,192.989,103.55,4,0,0,0,0,42,178.726,155.625,0,0,0
701,0.5,6,2,148.887,99.3879,4,0,0,0,0,50,164.224,156.452,0,0,0
701,0.5,6,3,147.905,171.175,4,0,0,0,0,57,167.415,165.317,0,0,0
701,0.5,6,4,196.354,175.928,5,0,0,0,0,67,177.806,162.431,0,0,0
701,0.5,6,5,115.929,166.469,5,0,0,0,0,24,161.18,165.677,0,0,0
701,0.5,6,6,168.272,190.403,5,0,0,0,0,80,165.699,166.693,0,0,0
701,0.5,6,7,141.906,184.56,6,0,0,0,0,79,160.841,171.708,0,0,0
701,0.5,6,8,191.482,169.611,6,0,0,0,0,78,180.106,165.078,0,0,0
701,0.5,6,9,179.316,143.493,6,0,0,0,0,76,176.581,148.603,0,0,0
701,0.5,7,1,193.887,109.285,7,1,0,0,0,0,0,0,92,185.046,119.259
701,0.5,7,2,190.393,161.958,7,0,0,0,0,0,0,0,51,177.994,128.515
701,0.5,7,3,160.341,116.121,7,0,0,0,0,0,0,0,58,171.103,119.678
701,0.5,7,4,196.799,174.629,8,1,66,165.419,178.111,0,0,0,0,0,0
701,0.5,7,5,166.193,186.06,8,0,89,164.848,178.459,0,0,0,0,0,0
701,0.5,7,6,127.003,167.64,8,0,67,156.703,177.492,0,0,0,0,0,0
701,0.5,7,7,202.232,123.11,9,1,0,0,0,0,0,0,86,184.588,119.64
701,0.5,7,8,143.902,176.432,9,0,0,0,0,0,0,0,54,164.786,138.614
701,0.5,7,9,130.086,127.889,9,0,0,0,0,0,0,0,76,152.686,128.14
701,0.5,8,1,120.336,197.096,7,0,0,0,0,0,0,0,22,162.784,133.941
701,0.5,8,2,117.596,166.268,7,0,0,0,0,0,0,0,46,162.806,133.278
701,0.5,8,3,135.081,149.29,7,0,0,0,0,0,0,0,64,163.014,131.529
701,0.5,8,4,164.308,179.871,8,0,83,165.302,177.794,0,0,0,0,0,0
701,0.5,8,5,152.512,175.234,8,0,84,156.8,177.465,0,0,0,0,0,0
701,0.5,8,6,162.03,138.558,8,0,69,165.436,166.9,0,0,0,0,0,0
701,0.5,8,7,186.355,107.836,9,0,0,0,0,0,0,0,90,183.436,119.409
701,0.5,8,8,134.324,180.047,9,0,0,0,0,0,0,0,59,154.772,141.084
701,0.5,8,9,164.511,177.507,9,0,0,0,0,0,0,0,62,164.913,138.599
701,0.5,9,1,187.929,136.318,7,0,0,0,0,0,0,0,62,182.543,126.834
701,0.5,9,2,103.162,139.651,7,0,0,0,0,0,0,0,33,162.652,133.546
701,0.5,9,3,145.499,178.262,7,0,0,0,0,0,0,0,58,163.028,133.876
701,0.5,9,4,115.176,166.522,8,0,54,156.096,177.39,0,0,0,0,0,0
701,0.5,9,5,177.574,130.515,8,0,60,165.469,166.864,0,0,0,0,0,0
701,0.5,9,6,178.751,109.506,8,0,37,165.515,166.892,0,0,0,0,0,0
701,0.5,9,7,136.013,144.672,9,0,0,0,0,0,0,0,90,154.887,141.035
701,0.5,9,8,160.01,105.816,9,0,0,0,0,0,0,0,82,163.645,122.061
701,0.5,9,9,150.831,127.592,9,0,0,0,0,0,0,0,75,163.703,122.141
801,0.5,1,1,141.952,135.056,1,1,0,0,0,0,0,0,58,169.26,136.039
801,0.5,1,2,133.513,130.624,1,0,0,0,0,0,0,0,72,164.19,133.214
801,0.5,1,3,139.124,132.749,1,0,0,0,0,0,0,0,78,164.305,133.255
801,0.5,1,4,206.417,156.523,2,1,0,0,0,70,183.592,161.113,0,0,0
801,0.5,1,5,138.057,157.045,2,0,82,150.84,165.434,0,0,0,0,0,0
801,0.5,1,6,180.178,144.646,2,0,84,168.916,159.829,0,0,0,0,0,0
801,0.5,1,7,134.102,183.937,3,1,78,157.53,179.276,0,0,0,0,0,0
801,0.5,1,8,159.477,117.069,3,0,40,157.179,165.937,0,0,0,0,0,0
801,0.5,1,9,144.4,161.948,3,0,82,157.047,166.697,0,0,0,0,0,0
801,0.5,2,1,148.788,130.714,1,0,0,0,0,0,0,0,80,164.186,133.249
801,0.5,2,2,165.012,156.982,1,0,0,0,0,0,0,0,71,170.164,138.77
801,0.5,2,3,197.221,116.258,1,0,0,0,0,0,0,0,74,180.111,121.613
801,0.5,2,4,103.432,189.622,2,0,31,148.613,190.004,0,0,0,0,0,0
801,0.5,2,5,157.744,198.742,2,0,87,157.32,193.353,0,0,0,0,0,0
801,0.5,2,6,187.991,108.188,2,0,36,168.924,159.541,0,0,0,0,0,0
801,0.5,2,7,168.997,163.83,3,0,72,166.117,173.651,0,0,0,0,0,0
801,0.5,2,8,157.54,114.577,3,0,43,157.128,165.745,0,0,0,0,0,0
801,0.5,2,9,129.312,139.658,3,0,64,157.045,166.108,0,0,0,0,0,0
801,0.5,3,1,101.287,187.343,1,0,0,0,0,0,0,0,18,164.395,137.462
801,0.5,3,2,183.684,189.057,1,0,0,0,0,0,0,0,52,176.408,142.408
801,0.5,3,3,183.022,149.761,1,0,0,0,0,0,0,0,80,178.171,139.615
801,0.5,3,4,156.658,147.018,2,0,82,160.856,164.15,0,0,0,0,0,0
801,0.5,3,5,165.147,107.91,2,0,52,165.395,158.175,0,0,0,0,0,0
801,0.5,3,6,159.381,110.172,2,0,55,161.852,157.643,0,0,0,0,0,0
801,0.5,3,7,180.466,191.82,3,0,73,166.473,182.817,0,0,0,0,0,0
801,0.5,3,8,115.165,111.195,3,0,31,157.061,165.901,0,0,0,0,0,0
801,0.5,3,9,158.583,188.446,3,0,95,159.919,181.403,0,0,0,0,0,0
801,0.5,4,1,223.609,191.291,4,1,0,0,0,57,184.37,164.903,0,0,0
801,0.5,4,2,150.86,162.723,4,0,0,0,0,76,165.117,165.18,0,0,0
801,0.5,4,3,126.312,196.369,4,0,0,0,0,40,163.202,167.663,0,0,0
801,0.5,4,4,217.108,111.622,5,1,0,0,0,0,0,0,69,186.942,117.023
801,0.5,4,5,154.127,128.295,5,0,0,0,0,0,0,0,59,171.497,125.684
801,0.5,4,6,198.903,159.7,5,0,0,0,0,0,0,0,61,177.997,125.376
801,0.5,4,7,207.737,165.595,6,1,0,0,0,77,183.974,163.218,0,0,0
801,0.5,4,8,171.855,152.695,6,0,0,0,0,82,158.415,146.569,0,0,0
801,0.5,4,9,114.601,154.046,6,0,0,0,0,35,157.159,148.189,0,0,0
801,0.5,5,1,115.708,148.085,4,0,0,0,0,52,163.446,156.381,0,0,0
801,0.5,5,2,180.674,138.369,4,0,0,0,0,58,179.217,153.835,0,0,0
801,0.5,5,3,182.272,184.635,4,0,0,0,0,79,177.665,166.147,0,0,0
801,0.5,5,4,138.813,149.028,5,0,0,0,0,73,160.688,158.602,0,0,0
801,0.5,5,5,106.447,160.686,5,0,0,0,0,44,160.338,161.347,0,0,0
801,0.5,5,6,130.272,177.798,5,0,0,0,0,71,159.965,166.537,0,0,0
801,0.5,5,7,133.409,101.794,6,0,0,0,0,40,157.888,144.02,0,0,0
801,0.5,5,8,142.928,151.748,6,0,0,0,0,79,157.647,147.361,0,0,0
801,0.5,5,9,148.902,121.219,6,0,0,0,0,66,158.647,144.223,0,0,0
801,0.5,6,1,193.15,104.589,4,0,0,0,0,45,179.595,153.515,0,0,0
801,0.5,6,2,148.065,99.539,4,0,0,0,0,46,163.72,156.109,0,0,0
801,0.5,6,3,147.075,168.347,4,0,0,0,0,71,164.406,165.202,0,0,0
801,0.5,6,4,197.058,174.751,5,0,0,0,0,76,177.993,162.518,0,0,0
801,0.5,6,5,114.726,163.967,5,0,0,0,0,23,159.407,165.945,0,0,0
801,0.5,6,6,170.113,191.122,5,0,0,0,0,78,162.383,166.764,0,0,0
801,0.5,6,7,143.649,184.82,6,0,0,0,0,84,160.3,172.18,0,0,0
801,0.5,6,8,190.67,169.389,6,0,0,0,0,77,180.429,165.083,0,0,0
801,0.5,6,9,179.006,144.389,6,0,0,0,0,81,176.734,148.697,0,0,0
801,0.5,7,1,194.575,109.435,7,1,0,0,0,0,0,0,91,186.503,117.466
801,0.5,7,2,187.144,162.968,7,0,0,0,0,0,0,0,51,178.783,134.027
801,0.5,7,3,158.58,115.86,7,0,0,0,0,0,0,0,61,170.977,119.585
801,0.5,7,4,195.772,174.3,8,1,75,165.862,176.91,0,0,0,0,0,0
801,0.5,7,5,164.229,186.976,8,0,88,165.493,178.639,0,0,0,0,0,0
801,0.5,7,6,127.172,169.505,8,0,77,154.306,176.826,0,0,0,0,0,0
801,0.5,7,7,202.37,124.136,9,1,0,0,0,0,0,0,82,186.094,119.401
801,0.5,7,8,142.392,175.175,9,0,0,0,0,0,0,0,56,164.802,138.947
801,0.5,7,9,129.653,127.642,9,0,0,0,0,0,0,0,75,151.796,127.949
801,0.5,8,1,119.005,197.517,7,0,0,0,0,0,0,0,18,160.992,134.061
801,0.5,8,2,116.439,166.387,7,0,0,0,0,0,0,0,47,161.507,133.883
801,0.5,8,3,135.295,148.282,7,0,0,0,0,0,0,0,64,161.902,133.746
801,0.5,8,4,164.648,177.955,8,0,79,165.475,177.169,0,0,0,0,0,0
801,0.5,8,5,150.966,174.182,8,0,88,154.542,176.864,0,0,0,0,0,0
801,0.5,8,6,161.847,138.527,8,0,64,165.768,166.77,0,0,0,0,0,0
801,0.5,8,7,181.334,109.396,9,0,0,0,0,0,0,0,92,185.324,119.38
801,0.5,8,8,134.149,179.182,9,0,0,0,0,0,0,0,57,154.493,141.23
801,0.5,8,9,165.511,178.89,9,0,0,0,0,0,0,0,62,164.993,138.958
801,0.5,9,1,187.255,134.275,7,0,0,0,0,0,0,0,58,182.36,127.244
801,0.5,9,2,103.854,140.807,7,0,0,0,0,0,0,0,41,160.758,133.764
801,0.5,9,3,144.762,177.89,7,0,0,0,0,0,0,0,55,160.919,134.072
801,0.5,9,4,114.577,166.693,8,0,52,154.054,176.93,0,0,0,0,0,0
801,0.5,9,5,176.943,132.857,8,0,70,165.744,166.755,0,0,0,0,0,0
801,0.5,9,6,178.538,110.366,8,0,34,165.842,166.77,0,0,0,0,0,0
801,0.5,9,7,137.774,146.727,9,0,0,0,0,0,0,0,85,154.65,141.204
801,0.5,9,8,161.876,104.436,9,0,0,0,0,0,0,0,83,163.116,121.875
801,0.5,9,9,153.92,126.08,9,0,0,0,0,0,0,0,76,163.075,122.169
901,0.5,1,1,142.512,137,1,1,0,0,0,0,0,0,58,168.725,136.537
901,0.5,1,2,132.611,130.359,1,0,0,0,0,0,0,0,64,163.892,133.088
901,0.5,1,3,139.784,132.596,1,0,0,0,0,0,0,0,74,163.974,133.071
901,0.5,1,4,206.029,157.32,2,1,0,0,0,75,184.93,162.406,0,0,0
901,0.5,1,5,138.748,157.729,2,0,83,150.16,165.487,0,0,0,0,0,0
901,0.5,1,6,179.749,143.662,2,0,79,168.958,158.239,0,0,0,0,0,0
901,0.5,1,7,135.76,183.78,3,1,78,157.554,179.82,0,0,0,0,0,0
901,0.5,1,8,159.677,115.953,3,0,44,156.65,163.834,0,0,0,0,0,0
901,0.5,1,9,143.585,162.286,3,0,87,156.232,165.553,0,0,0,0,0,0
901,0.5,2,1,149.416,129.634,1,0,0,0,0,0,0,0,71,164.055,133.466
901,0.5,2,2,163.927,158.142,1,0,0,0,0,0,0,0,73,170.126,140.315
901,0.5,2,3,198.057,116.005,1,0,0,0,0,0,0,0,72,180.867,121.532
901,0.5,2,4,103.346,189.367,2,0,39,147.496,189.086,0,0,0,0,0,0
901,0.5,2,5,159.801,198.108,2,0,88,157.255,193.264,0,0,0,0,0,0
901,0.5,2,6,190.638,108.129,2,0,27,168.914,157.569,0,0,0,0,0,0
901,0.5,2,7,169.664,164.498,3,0,76,166.024,173.577,0,0,0,0,0,0
901,0.5,2,8,158.973,116.129,3,0,52,156.662,163.684,0,0,0,0,0,0
901,0.5,2,9,133.122,140.022,3,0,70,156.021,164.714,0,0,0,0,0,0
901,0.5,3,1,102.152,185.959,1,0,0,0,0,0,0,0,20,164.43,138.088
901,0.5,3,2,184.853,189.228,1,0,0,0,0,0,0,0,47,177.024,142.671
901,0.5,3,3,182.278,150.039,1,0,0,0,0,0,0,0,84,178.712,141.819
901,0.5,3,4,157.814,148.424,2,0,83,160.692,163.851,0,0,0,0,0,0
901,0.5,3,5,166.045,109.2,2,0,54,166.053,157.224,0,0,0,0,0,0
901,0.5,3,6,159.928,109.355,2,0,58,162.404,157.331,0,0,0,0,0,0
901,0.5,3,7,177.981,192.031,3,0,65,166.993,182.573,0,0,0,0,0,0
901,0.5,3,8,116.153,111.801,3,0,36,155.71,163.806,0,0,0,0,0,0
901,0.5,3,9,156.999,187.738,3,0,86,159.86,181.188,0,0,0,0,0,0
901,0.5,4,1,222.166,191.216,4,1,0,0,0,59,185.042,165.459,0,0,0
901,0.5,4,2,149.879,162.677,4,0,0,0,0,82,163.322,165.171,0,0,0
901,0.5,4,3,125.058,196.771,4,0,0,0,0,46,162.353,169.503,0,0,0
901,0.5,4,4,219.242,108.711,5,1,0,0,0,0,0,0,64,188.061,116.548
901,0.5,4,5,154.85,131.63,5,0,0,0,0,0,0,0,55,170.238,125.594
901,0.5,4,6,198.481,160.601,5,0,0,0,0,0,0,0,60,178.095,126.803
901,0.5,4,7,207.402,167.09,6,1,0,0,0,75,184.176,163.294,0,0,0
901,0.5,4,8,173.082,150.217,6,0,0,0,0,83,157.526,147.996,0,0,0
901,0.5,4,9,115.332,152.732,6,0,0,0,0,37,156.74,149.554,0,0,0
901,0.5,5,1,116.124,148.273,4,0,0,0,0,59,163.224,155.623,0,0,0
901,0.5,5,2,180.46,137.804,4,0,0,0,0,55,180.391,152.714,0,0,0
901,0.5,5,3,181.774,182.618,4,0,0,0,0,75,177.762,166.562,0,0,0
901,0.5,5,4,139.736,151.624,5,0,0,0,0,75,159.237,158.445,0,0,0
901,0.5,5,5,104.156,161.557,5,0,0,0,0,47,158.774,159.103,0,0,0
901,0.5,5,6,131.276,181.158,5,0,0,0,0,70,158.413,167.126,0,0,0
901,0.5,5,7,132.801,101.476,6,0,0,0,0,54,157.517,142.318,0,0,0
901,0.5,5,8,142.684,152.934,6,0,0,0,0,81,156.855,148.661,0,0,0
901,0.5,5,9,149.472,121.937,6,0,0,0,0,74,158.527,144.191,0,0,0
901,0.5,6,1,192.562,104.29,4,0,0,0,0,42,180.55,152.615,0,0,0
901,0.5,6,2,147.81,100.561,4,0,0,0,0,43,163.224,155.574,0,0,0
901,0.5,6,3,147.618,171.984,4,0,0,0,0,72,163.715,165.344,0,0,0
901,0.5,6,4,198.479,176.096,5,0,0,0,0,75,178.181,162.274,0,0,0
901,0.5,6,5,115.105,165.054,5,0,0,0,0,24,158.211,167.077,0,0,0
901,0.5,6,6,168.985,191.62,5,0,0,0,0,80,161.636,167.676,0,0,0
901,0.5,6,7,144.421,183.692,6,0,0,0,0,86,160.218,172.36,0,0,0
901,0.5,6,8,192.187,170.67,6,0,0,0,0,83,180.552,165.095,0,0,0
901,0.5,6,9,179.884,144.733,6,0,0,0,0,88,176.571,148.839,0,0,0
901,0.5,7,1,193.219,107.509,7,1,0,0,0,0,0,0,80,187.135,117.134
901,0.5,7,2,190.395,161.831,7,0,0,0,0,0,0,0,59,178.828,134.907
901,0.5,7,3,160.171,115.379,7,0,0,0,0,0,0,0,62,170.654,119.735
901,0.5,7,4,197.007,174.83,8,1,76,166.767,175.457,0,0,0,0,0,0
901,0.5,7,5,164.997,184.223,8,0,78,165.641,178.424,0,0,0,0,0,0
901,0.5,7,6,126.055,167.677,8,0,74,153.421,176.945,0,0,0,0,0,0
901,0.5,7,7,205.569,121.712,9,1,0,0,0,0,0,0,88,186.647,119.393
901,0.5,7,8,143.15,175.058,9,0,0,0,0,0,0,0,56,164.718,138.97
901,0.5,7,9,131.01,127.454,9,0,0,0,0,0,0,0,84,151.026,127.877
901,0.5,8,1,119.928,195.555,7,0,0,0,0,0,0,0,23,158.439,135.143
901,0.5,8,2,116.84,166.448,7,0,0,0,0,0,0,0,47,158.506,134.636
901,0.5,8,3,135.399,148.075,7,0,0,0,0,0,0,0,68,158.537,134.297
901,0.5,8,4,165.51,179.589,8,0,88,165.932,176.78,0,0,0,0,0,0
901,0.5,8,5,150.583,174.889,8,0,93,153.667,176.744,0,0,0,0,0,0
901,0.5,8,6,161.366,139.146,8,0,62,166.014,166.504,0,0,0,0,0,0
901,0.5,8,7,183.5,105.909,9,0,0,0,0,0,0,0,86,186.176,118.807
901,0.5,8,8,132.545,180.553,9,0,0,0,0,0,0,0,52,154.116,141.924
901,0.5,8,9,164.715,177.702,9,0,0,0,0,0,0,0,67,164.826,138.908
901,0.5,9,1,187.622,134.736,7,0,0,0,0,0,0,0,64,182.539,126.907
901,0.5,9,2,101.076,142.35,7,0,0,0,0,0,0,0,41,158.471,134.579
901,0.5,9,3,145.317,178.72,7,0,0,0,0,0,0,0,56,158.897,134.815
901,0.5,9,4,114.043,165.815,8,0,49,153.565,176.491,0,0,0,0,0,0
901,0.5,9,5,177.292,133.232,8,0,73,166.065,166.321,0,0,0,0,0,0
901,0.5,9,6,177.475,108.509,8,0,37,166.138,166.506,0,0,0,0,0,0
901,0.5,9,7,137.443,142.268,9,0,0,0,0,0,0,0,77,154.411,141.261
901,0.5,9,8,158.838,106.46,9,0,0,0,0,0,0,0,83,162.58,121.819
901,0.5,9,9,152.319,125.202,9,0,0,0,0,0,0,0,76,162.174,121.942
1,0,1,1,111.791,135.145,1,1,0,0,0,0,0,0,0,0,0
1,0,1,2,132.16,132.067,1,0,0,0,0,0,0,0,0,0,0
1,0,1,3,139.522,132.937,1,0,0,0,0,0,0,0,0,0,0
1,0,1,4,176.307,156.758,2,1,73,163.286,180.682,0,0,0,0,0,0
1,0,1,5,138.702,160.579,2,0,76,154.847,180.212,0,0,0,0,0,0
1,0,1,6,180.11,144.532,2,0,57,164.161,176.776,0,0,0,0,0,0
1,0,1,7,102.852,184.911,3,1,0,0,0,0,0,0,0,0,0
1,0,1,8,158.606,117.248,3,0,0,0,0,0,0,0,0,0,0
1,0,1,9,145.463,163.254,3,0,0,0,0,0,0,0,0,0,0
1,0,2,1,149.146,129.445,1,0,0,0,0,0,0,0,0,0,0
1,0,2,2,165.018,158.649,1,0,0,0,0,0,0,0,0,0,0
1,0,2,3,200.861,116.983,1,0,0,0,0,0,0,0,0,0,0
1,0,2,4,101.386,189.621,2,0,29,151.184,191.12,0,0,0,0,0,0
1,0,2,5,161.976,198.542,2,0,79,158.213,191.225,0,0,0,0,0,0
1,0,2,6,189.359,106.642,2,0,19,164.352,175.628,0,0,0,0,0,0
1,0,2,7,169.19,164.98,3,0,0,0,0,0,0,0,0,0,0
1,0,2,8,159.499,115.159,3,0,0,0,0,0,0,0,0,0,0
1,0,2,9,130.657,140.88,3,0,0,0,0,0,0,0,0,0,0
1,0,3,1,100.514,185.834,1,0,0,0,0,0,0,0,0,0,0
1,0,3,2,181.897,189.385,1,0,0,0,0,0,0,0,0,0,0
1,0,3,3,183.353,149.528,1,0,0,0,0,0,0,0,0,0,0
1,0,3,4,156.868,148.931,2,0,73,160.847,177.984,0,0,0,0,0,0
1,0,3,5,164.384,108.313,2,0,38,164.32,175.582,0,0,0,0,0,0
1,0,3,6,158.537,111.981,2,0,39,163.552,175.884,0,0,0,0,0,0
1,0,3,7,179.846,191.941,3,0,0,0,0,0,0,0,0,0,0
1,0,3,8,115.641,113.441,3,0,0,0,0,0,0,0,0,0,0
1,0,3,9,157.51,187.082,3,0,0,0,0,0,0,0,0,0,0
1,0,4,1,191.688,191.15,4,1,0,0,0,0,0,0,0,0,0
1,0,4,2,152.623,164.172,4,0,0,0,0,0,0,0,0,0,0
1,0,4,3,125.063,195.32,4,0,0,0,0,0,0,0,0,0,0
1,0,4,4,189.916,110.022,5,1,0,0,0,0,0,0,0,0,0
1,0,4,5,154.72,128.616,5,0,0,0,0,0,0,0,0,0,0
1,0,4,6,201.019,159.94,5,0,0,0,0,0,0,0,0,0,0
1,0,4,7,175.7,165.057,6,1,0,0,0,93,177.181,162.08,0,0,0
1,0,4,8,173.798,151.447,6,0,0,0,0,78,164.012,151.623,0,0,0
1,0,4,9,115.336,151.736,6,0,0,0,0,27,163.55,151.295,0,0,0
1,0,5,1,114.885,146.507,4,0,0,0,0,0,0,0,0,0,0
1,0,5,2,179.882,135.008,4,0,0,0,0,0,0,0,0,0,0
1,0,5,3,181.782,182.511,4,0,0,0,0,0,0,0,0,0,0
1,0,5,4,139.876,150.027,5,0,0,0,0,0,0,0,0,0,0
1,0,5,5,104.924,160.095,5,0,0,0,0,0,0,0,0,0,0
1,0,5,6,131.974,177.187,5,0,0,0,0,0,0,0,0,0,0
1,0,5,7,135.096,100.413,6,0,0,0,0,36,163.519,148.888,0,0,0
1,0,5,8,141.52,152.19,6,0,0,0,0,72,163.663,151.999,0,0,0
1,0,5,9,148.826,120.679,6,0,0,0,0,65,163.805,150.366,0,0,0
1,0,6,1,192.117,104.142,4,0,0,0,0,0,0,0,0,0,0
1,0,6,2,148.871,99.4869,4,0,0,0,0,0,0,0,0,0,0
1,0,6,3,147.842,171.396,4,0,0,0,0,0,0,0,0,0,0
1,0,6,4,196.414,175.252,5,0,0,0,0,0,0,0,0,0,0
1,0,6,5,114.842,165.373,5,0,0,0,0,0,0,0,0,0,0
1,0,6,6,169.697,189.916,5,0,0,0,0,0,0,0,0,0,0
1,0,6,7,141.645,181.95,6,0,0,0,0,72,166.22,166.911,0,0,0
1,0,6,8,191.764,171.792,6,0,0,0,0,77,178.776,164.603,0,0,0
1,0,6,9,180.054,144.231,6,0,0,0,0,76,175.678,154.273,0,0,0
1,0,7,1,164.828,109.433,7,1,0,0,0,0,0,0,0,0,0
1,0,7,2,188.414,162.455,7,0,0,0,0,0,0,0,0,0,0
1,0,7,3,160.755,116.398,7,0,0,0,0,0,0,0,0,0,0
1,0,7,4,167.96,175.333,8,1,0,0,0,0,0,0,0,0,0
1,0,7,5,165.151,185.285,8,0,0,0,0,0,0,0,0,0,0
1,0,7,6,126.982,168.594,8,0,0,0,0,0,0,0,0,0,0
1,0,7,7,173.187,122.503,9,1,0,0,0,0,0,0,93,176.276,122.07
1,0,7,8,141.966,175.483,9,0,0,0,0,0,0,0,43,168.39,133.364
1,0,7,9,130.649,127.469,9,0,0,0,0,0,0,0,74,162.39,131.183
1,0,8,1,118.714,195.967,7,0,0,0,0,0,0,0,0,0,0
1,0,8,2,118.135,167.506,7,0,0,0,0,0,0,0,0,0,0
1,0,8,3,137.942,147.5,7,0,0,0,0,0,0,0,0,0,0
1,0,8,4,165.014,178.702,8,0,0,0,0,0,0,0,0,0,0
1,0,8,5,151.889,175.315,8,0,0,0,0,0,0,0,0,0,0
1,0,8,6,163.467,138.756,8,0,0,0,0,0,0,0,0,0,0
1,0,8,7,184.084,109.875,9,0,0,0,0,0,0,0,84,176.764,121.244
1,0,8,8,132.987,178.801,9,0,0,0,0,0,0,0,36,162.453,132.863
1,0,8,9,166.696,176.922,9,0,0,0,0,0,0,0,47,168.299,133.36
1,0,9,1,185.578,135.762,7,0,0,0,0,0,0,0,0,0,0
1,0,9,2,102.145,141.99,7,0,0,0,0,0,0,0,0,0,0
1,0,9,3,145.916,178.732,7,0,0,0,0,0,0,0,0,0,0
1,0,9,4,114.357,167.313,8,0,0,0,0,0,0,0,0,0,0
1,0,9,5,177.416,131.397,8,0,0,0,0,0,0,0,0,0,0
1,0,9,6,178.026,108.904,8,0,0,0,0,0,0,0,0,0,0
1,0,9,7,137.089,144.678,9,0,0,0,0,0,0,0,77,162.58,132.752
1,0,9,8,160.633,105.18,9,0,0,0,0,0,0,0,77,167.902,123.202
1,0,9,9,153.24,124.106,9,0,0,0,0,0,0,0,66,167.524,123.216
101,0,1,1,141.873,137.489,1,1,0,0,0,0,0,0,0,0,0
101,0,1,2,132.306,130.309,1,0,0,0,0,0,0,0,0,0,0
101,0,1,3,139.566,134.539,1,0,0,0,0,0,0,0,0,0,0
101,0,1,4,207.065,154.051,2,1,54,164.528,174.927,0,0,0,0,0,0
101,0,1,5,139.295,158.872,2,0,74,154.351,179.555,0,0,0,0,0,0
101,0,1,6,181.933,143.991,2,0,61,164.726,175.123,0,0,0,0,0,0
101,0,1,7,134.734,183.023,3,1,0,0,0,0,0,0,0,0,0
101,0,1,8,157.811,115.02,3,0,0,0,0,0,0,0,0,0,0
101,0,1,9,144.175,164.083,3,0,0,0,0,0,0,0,0,0,0
101,0,2,1,148.49,127.933,1,0,0,0,0,0,0,0,0,0,0
101,0,2,2,164.821,158.22,1,0,0,0,0,0,0,0,0,0,0
101,0,2,3,197.862,116.278,1,0,0,0,0,0,0,0,0,0,0
101,0,2,4,103.159,189.965,2,0,34,151,191.185,0,0,0,0,0,0
101,0,2,5,161.152,198.414,2,0,84,158.113,191.577,0,0,0,0,0,0
101,0,2,6,190.953,109.022,2,0,22,164.617,175,0,0,0,0,0,0
101,0,2,7,169.235,165.458,3,0,0,0,0,0,0,0,0,0,0
101,0,2,8,160.654,115.702,3,0,0,0,0,0,0,0,0,0,0
101,0,2,9,130.679,141.283,3,0,0,0,0,0,0,0,0,0,0
101,0,3,1,98.9329,186.764,1,0,0,0,0,0,0,0,0,0,0
101,0,3,2,182.687,189.991,1,0,0,0,0,0,0,0,0,0,0
101,0,3,3,181.463,148.736,1,0,0,0,0,0,0,0,0,0,0
101,0,3,4,157.014,147.536,2,0,70,159.751,177.518,0,0,0,0,0,0
101,0,3,5,164.61,108.294,2,0,42,164.28,174.922,0,0,0,0,0,0
101,0,3,6,159.648,110.854,2,0,40,164.382,174.905,0,0,0,0,0,0
101,0,3,7,180.14,191.853,3,0,0,0,0,0,0,0,0,0,0
101,0,3,8,114.201,112.562,3,0,0,0,0,0,0,0,0,0,0
101,0,3,9,158.949,186.563,3,0,0,0,0,0,0,0,0,0,0
101,0,4,1,222.584,191.242,4,1,0,0,0,0,0,0,0,0,0
101,0,4,2,150.716,164.746,4,0,0,0,0,0,0,0,0,0,0
101,0,4,3,125.664,196.678,4,0,0,0,0,0,0,0,0,0,0
101,0,4,4,218.179,109.732,5,1,0,0,0,0,0,0,0,0,0
101,0,4,5,153.331,128.607,5,0,0,0,0,0,0,0,0,0,0
101,0,4,6,198.636,161.64,5,0,0,0,0,0,0,0,0,0,0
101,0,4,7,207.254,164.541,6,1,0,0,0,78,178.215,162.32,0,0,0
101,0,4,8,174.422,151.111,6,0,0,0,0,87,163.402,149.348,0,0,0
101,0,4,9,114.239,152.798,6,0,0,0,0,25,163.177,149.343,0,0,0
101,0,5,1,115.732,145.882,4,0,0,0,0,0,0,0,0,0,0
101,0,5,2,178.145,137.506,4,0,0,0,0,0,0,0,0,0,0
101,0,5,3,181.063,183.261,4,0,0,0,0,0,0,0,0,0,0
101,0,5,4,139.279,148.583,5,0,0,0,0,0,0,0,0,0,0
101,0,5,5,103.846,159.344,5,0,0,0,0,0,0,0,0,0,0
101,0,5,6,132.228,177.043,5,0,0,0,0,0,0,0,0,0,0
101,0,5,7,134.837,101.183,6,0,0,0,0,41,163.228,148.565,0,0,0
101,0,5,8,141.225,153.089,6,0,0,0,0,70,163.265,149.25,0,0,0
101,0,5,9,150.578,120.8,6,0,0,0,0,76,163.366,148.843,0,0,0
101,0,6,1,195.137,105.711,4,0,0,0,0,0,0,0,0,0,0
101,0,6,2,150.311,98.8822,4,0,0,0,0,0,0,0,0,0,0
101,0,6,3,148.724,171.156,4,0,0,0,0,0,0,0,0,0,0
101,0,6,4,196.812,174.245,5,0,0,0,0,0,0,0,0,0,0
101,0,6,5,114.446,166.495,5,0,0,0,0,0,0,0,0,0,0
101,0,6,6,167.406,191.242,5,0,0,0,0,0,0,0,0,0,0
101,0,6,7,144.213,183.639,6,0,0,0,0,71,165.495,166.907,0,0,0
101,0,6,8,192,171.374,6,0,0,0,0,70,179.086,164.815,0,0,0
101,0,6,9,177.139,144.055,6,0,0,0,0,80,177.031,150.241,0,0,0
101,0,7,1,193.151,108.864,7,1,0,0,0,0,0,0,0,0,0
101,0,7,2,190.633,163.016,7,0,0,0,0,0,0,0,0,0,0
101,0,7,3,158.947,118.21,7,0,0,0,0,0,0,0,0,0,0
101,0,7,4,198.374,174.052,8,1,0,0,0,0,0,0,0,0,0
101,0,7,5,164.32,186.035,8,0,0,0,0,0,0,0,0,0,0
101,0,7,6,127.73,169.849,8,0,0,0,0,0,0,0,0,0,0
101,0,7,7,203.99,123.07,9,1,0,0,0,0,0,0,79,177.71,120.992
101,0,7,8,143.109,175.084,9,0,0,0,0,0,0,0,40,167.559,133.538
101,0,7,9,131.321,126.967,9,0,0,0,0,0,0,0,75,161.759,131.962
101,0,8,1,120.257,196.713,7,0,0,0,0,0,0,0,0,0,0
101,0,8,2,118.402,165.809,7,0,0,0,0,0,0,0,0,0,0
101,0,8,3,137,149.982,7,0,0,0,0,0,0,0,0,0,0
101,0,8,4,164.21,176.987,8,0,0,0,0,0,0,0,0,0,0
101,0,8,5,151.622,174.142,8,0,0,0,0,0,0,0,0,0,0
101,0,8,6,162.364,139.457,8,0,0,0,0,0,0,0,0,0,0
101,0,8,7,184.422,106.963,9,0,0,0,0,0,0,0,85,177.623,120.81
101,0,8,8,134.528,179.069,9,0,0,0,0,0,0,0,43,161.838,133.459
101,0,8,9,167.009,177.383,9,0,0,0,0,0,0,0,48,168.317,133.573
101,0,9,1,187.216,133.464,7,0,0,0,0,0,0,0,0,0,0
101,0,9,2,102.802,141.731,7,0,0,0,0,0,0,0,0,0,0
101,0,9,3,148.684,179.294,7,0,0,0,0,0,0,0,0,0,0
101,0,9,4,115.444,168.53,8,0,0,0,0,0,0,0,0,0,0
101,0,9,5,176.273,132.663,8,0,0,0,0,0,0,0,0,0,0
101,0,9,6,179.225,108.713,8,0,0,0,0,0,0,0,0,0,0
101,0,9,7,136.902,145.53,9,0,0,0,0,0,0,0,75,161.913,133.189
101,0,9,8,158.357,107.186,9,0,0,0,0,0,0,0,73,166.887,123.144
101,0,9,9,151.705,125.753,9,0,0,0,0,0,0,0,71,166.475,123.143
201,0,1,1,143.437,135.408,1,1,0,0,0,0,0,0,0,0,0
201,0,1,2,132.656,130.371,1,0,0,0,0,0,0,0,0,0,0
201,0,1,3,137.895,134.213,1,0,0,0,0,0,0,0,0,0,0
201,0,1,4,205.227,154.471,2,1,59,164.936,174.973,0,0,0,0,0,0
201,0,1,5,139.507,158.886,2,0,76,153.168,174.08,0,0,0,0,0,0
201,0,1,6,179.045,143.927,2,0,68,165.011,174.292,0,0,0,0,0,0
201,0,1,7,131.498,183.676,3,1,0,0,0,0,0,0,0,0,0
201,0,1,8,159.839,115.868,3,0,0,0,0,0,0,0,0,0,0
201,0,1,9,144.559,161.41,3,0,0,0,0,0,0,0,0,0,0
201,0,2,1,148.79,126.95,1,0,0,0,0,0,0,0,0,0,0
201,0,2,2,164.248,158.181,1,0,0,0,0,0,0,0,0,0,0
201,0,2,3,198.016,115.001,1,0,0,0,0,0,0,0,0,0,0
201,0,2,4,102.089,189.93,2,0,33,149.952,191.023,0,0,0,0,0,0
201,0,2,5,160.775,200.455,2,0,90,158.049,191.485,0,0,0,0,0,0
201,0,2,6,190.057,107.26,2,0,21,164.903,173.534,0,0,0,0,0,0
201,0,2,7,169.175,165.66,3,0,0,0,0,0,0,0,0,0,0
201,0,2,8,159.327,116.043,3,0,0,0,0,0,0,0,0,0,0
201,0,2,9,130.716,139.28,3,0,0,0,0,0,0,0,0,0,0
201,0,3,1,100.874,186.577,1,0,0,0,0,0,0,0,0,0,0
201,0,3,2,181.716,188.346,1,0,0,0,0,0,0,0,0,0,0
201,0,3,3,183.511,150.362,1,0,0,0,0,0,0,0,0,0,0
201,0,3,4,158.29,147.147,2,0,72,158.872,175.636,0,0,0,0,0,0
201,0,3,5,166.951,108.643,2,0,38,164.797,174.358,0,0,0,0,0,0
201,0,3,6,157.336,110.046,2,0,42,164.71,174.547,0,0,0,0,0,0
201,0,3,7,178.342,191.279,3,0,0,0,0,0,0,0,0,0,0
201,0,3,8,113.697,113.814,3,0,0,0,0,0,0,0,0,0,0
201,0,3,9,158.79,189.841,3,0,0,0,0,0,0,0,0,0,0
201,0,4,1,221.084,191.742,4,1,0,0,0,0,0,0,0,0,0
201,0,4,2,149.828,163.164,4,0,0,0,0,0,0,0,0,0,0
201,0,4,3,125.084,195.464,4,0,0,0,0,0,0,0,0,0,0
201,0,4,4,217.048,109.99,5,1,0,0,0,0,0,0,0,0,0
201,0,4,5,153.91,129.049,5,0,0,0,0,0,0,0,0,0,0
201,0,4,6,199.066,160.097,5,0,0,0,0,0,0,0,0,0,0
201,0,4,7,205.312,165.154,6,1,0,0,0,78,179.079,162.355,0,0,0
201,0,4,8,173.369,153.37,6,0,0,0,0,87,163.001,148.42,0,0,0
201,0,4,9,114.612,151.961,6,0,0,0,0,30,162.909,148.374,0,0,0
201,0,5,1,117.012,143.741,4,0,0,0,0,0,0,0,0,0,0
201,0,5,2,181.036,134.922,4,0,0,0,0,0,0,0,0,0,0
201,0,5,3,183.881,182.161,4,0,0,0,0,0,0,0,0,0,0
201,0,5,4,139.135,150.293,5,0,0,0,0,0,0,0,0,0,0
201,0,5,5,106.429,158.852,5,0,0,0,0,0,0,0,0,0,0
201,0,5,6,130.718,176.751,5,0,0,0,0,0,0,0,0,0,0
201,0,5,7,131.534,100.351,6,0,0,0,0,45,162.404,146.843,0,0,0
201,0,5,8,140.951,153.88,6,0,0,0,0,73,162.507,148.316,0,0,0
201,0,5,9,149.919,120.65,6,0,0,0,0,75,162.877,147.71,0,0,0
201,0,6,1,193.009,103.263,4,0,0,0,0,0,0,0,0,0,0
201,0,6,2,149.461,100.848,4,0,0,0,0,0,0,0,0,0,0
201,0,6,3,146.989,171.441,4,0,0,0,0,0,0,0,0,0,0
201,0,6,4,197.873,174.754,5,0,0,0,0,0,0,0,0,0,0
201,0,6,5,115.404,166.367,5,0,0,0,0,0,0,0,0,0,0
201,0,6,6,169.567,189.654,5,0,0,0,0,0,0,0,0,0,0
201,0,6,7,141.561,183.034,6,0,0,0,0,75,164.467,166.941,0,0,0
201,0,6,8,192.783,170.193,6,0,0,0,0,79,179.267,164.844,0,0,0
201,0,6,9,179.442,142.405,6,0,0,0,0,67,176.563,149.529,0,0,0
201,0,7,1,194.93,108.611,7,1,0,0,0,0,0,0,0,0,0
201,0,7,2,188.441,163.262,7,0,0,0,0,0,0,0,0,0,0
201,0,7,3,160.106,117.008,7,0,0,0,0,0,0,0,0,0,0
201,0,7,4,196.895,175.03,8,1,0,0,0,0,0,0,0,0,0
201,0,7,5,164.092,187.63,8,0,0,0,0,0,0,0,0,0,0
201,0,7,6,126.198,168.95,8,0,0,0,0,0,0,0,0,0,0
201,0,7,7,204.899,122.439,9,1,0,0,0,0,0,0,79,177.841,120.776
201,0,7,8,144.536,174.828,9,0,0,0,0,0,0,0,47,167.187,133.883
201,0,7,9,128.602,125.742,9,0,0,0,0,0,0,0,74,161.049,132.75
201,0,8,1,120.155,197.357,7,0,0,0,0,0,0,0,0,0,0
201,0,8,2,116.604,166.932,7,0,0,0,0,0,0,0,0,0,0
201,0,8,3,137.504,147.602,7,0,0,0,0,0,0,0,0,0,0
201,0,8,4,164.784,177.583,8,0,0,0,0,0,0,0,0,0,0
201,0,8,5,151.155,173.326,8,0,0,0,0,0,0,0,0,0,0
201,0,8,6,163.229,139.193,8,0,0,0,0,0,0,0,0,0,0
201,0,8,7,184.38,107.174,9,0,0,0,0,0,0,0,86,177.753,120.706
201,0,8,8,133.644,180.1,9,0,0,0,0,0,0,0,41,160.701,134.188
201,0,8,9,164.691,177.66,9,0,0,0,0,0,0,0,47,167.449,133.707
201,0,9,1,185.128,136.363,7,0,0,0,0,0,0,0,0,0,0
201,0,9,2,101.473,141.812,7,0,0,0,0,0,0,0,0,0,0
201,0,9,3,147,178.362,7,0,0,0,0,0,0,0,0,0,0
201,0,9,4,112.866,166.811,8,0,0,0,0,0,0,0,0,0,0
201,0,9,5,178.465,131.1,8,0,0,0,0,0,0,0,0,0,0
201,0,9,6,178.847,110.3,8,0,0,0,0,0,0,0,0,0,0
201,0,9,7,137.18,142.663,9,0,0,0,0,0,0,0,82,160.701,133.941
201,0,9,8,158.735,105.37,9,0,0,0,0,0,0,0,84,166.194,123.146
201,0,9,9,150.45,126.108,9,0,0,0,0,0,0,0,73,166.273,123.19
301,0,1,1,144.948,134.571,1,1,0,0,0,0,0,0,0,0,0
301,0,1,2,133.138,130.094,1,0,0,0,0,0,0,0,0,0,0
301,0,1,3,141.388,132.489,1,0,0,0,0,0,0,0,0,0,0
301,0,1,4,205.491,157.054,2,1,55,164.974,174.901,0,0,0,0,0,0
301,0,1,5,138.904,159.864,2,0,78,153.129,173.594,0,0,0,0,0,0
301,0,1,6,182.241,145.798,2,0,66,166.257,171.026,0,0,0,0,0,0
301,0,1,7,133.766,185.195,3,1,0,0,0,0,0,0,0,0,0
301,0,1,8,160.079,117.145,3,0,0,0,0,0,0,0,0,0,0
301,0,1,9,143.421,162.62,3,0,0,0,0,0,0,0,0,0,0
301,0,2,1,148.814,128.745,1,0,0,0,0,0,0,0,0,0,0
301,0,2,2,163.888,157.665,1,0,0,0,0,0,0,0,0,0,0
301,0,2,3,200.701,115.68,1,0,0,0,0,0,0,0,0,0,0
301,0,2,4,102.492,189.648,2,0,35,149.26,190.973,0,0,0,0,0,0
301,0,2,5,161.279,199.399,2,0,82,157.948,191.564,0,0,0,0,0,0
301,0,2,6,189.91,107.823,2,0,23,166.452,170.737,0,0,0,0,0,0
301,0,2,7,168.67,163.797,3,0,0,0,0,0,0,0,0,0,0
301,0,2,8,159.643,114.81,3,0,0,0,0,0,0,0,0,0,0
301,0,2,9,130.161,141.859,3,0,0,0,0,0,0,0,0,0,0
301,0,3,1,99.4011,187.489,1,0,0,0,0,0,0,0,0,0,0
301,0,3,2,182.151,191.769,1,0,0,0,0,0,0,0,0,0,0
301,0,3,3,184.814,151.317,1,0,0,0,0,0,0,0,0,0,0
301,0,3,4,158.77,147.69,2,0,79,159.249,173.774,0,0,0,0,0,0
301,0,3,5,165.652,110.214,2,0,41,165.595,170.742,0,0,0,0,0,0
301,0,3,6,160.02,111.395,2,0,49,165.747,170.75,0,0,0,0,0,0
301,0,3,7,181.044,191.992,3,0,0,0,0,0,0,0,0,0,0
301,0,3,8,116.388,111.65,3,0,0,0,0,0,0,0,0,0,0
301,0,3,9,158.662,188.309,3,0,0,0,0,0,0,0,0,0,0
301,0,4,1,222.635,190.565,4,1,0,0,0,0,0,0,0,0,0
301,0,4,2,152.149,163.705,4,0,0,0,0,0,0,0,0,0,0
301,0,4,3,126.525,196.891,4,0,0,0,0,0,0,0,0,0,0
301,0,4,4,220.121,109.569,5,1,0,0,0,0,0,0,0,0,0
301,0,4,5,154.612,128.158,5,0,0,0,0,0,0,0,0,0,0
301,0,4,6,199.537,159.442,5,0,0,0,0,0,0,0,0,0,0
301,0,4,7,207.994,164.552,6,1,0,0,0,77,180.354,162.475,0,0,0
301,0,4,8,174.372,152.017,6,0,0,0,0,85,161.712,147.6,0,0,0
301,0,4,9,114.385,151.763,6,0,0,0,0,29,161.017,147.666,0,0,0
301,0,5,1,116.899,145.039,4,0,0,0,0,0,0,0,0,0,0
301,0,5,2,178.494,136.219,4,0,0,0,0,0,0,0,0,0,0
301,0,5,3,182.561,181.806,4,0,0,0,0,0,0,0,0,0,0
301,0,5,4,138.301,149.221,5,0,0,0,0,0,0,0,0,0,0
301,0,5,5,104.833,162.195,5,0,0,0,0,0,0,0,0,0,0
301,0,5,6,130.538,178.999,5,0,0,0,0,0,0,0,0,0,0
301,0,5,7,133.783,103.232,6,0,0,0,0,44,161.434,146.744,0,0,0
301,0,5,8,142.078,151.937,6,0,0,0,0,76,161.125,147.693,0,0,0
301,0,5,9,147.582,123.327,6,0,0,0,0,74,161.538,146.891,0,0,0
301,0,6,1,194.936,104.05,4,0,0,0,0,0,0,0,0,0,0
301,0,6,2,147.334,98.8605,4,0,0,0,0,0,0,0,0,0,0
301,0,6,3,148.616,170.765,4,0,0,0,0,0,0,0,0,0,0
301,0,6,4,195.763,175.441,5,0,0,0,0,0,0,0,0,0,0
301,0,6,5,117.258,166,5,0,0,0,0,0,0,0,0,0,0
301,0,6,6,168.058,190.004,5,0,0,0,0,0,0,0,0,0,0
301,0,6,7,142.699,182.831,6,0,0,0,0,75,163.649,167.349,0,0,0
301,0,6,8,191.984,168.82,6,0,0,0,0,72,179.014,164.884,0,0,0
301,0,6,9,177.638,143.512,6,0,0,0,0,82,177.413,149.501,0,0,0
301,0,7,1,194.217,108.226,7,1,0,0,0,0,0,0,0,0,0
301,0,7,2,187.446,160.586,7,0,0,0,0,0,0,0,0,0,0
301,0,7,3,160.062,116.679,7,0,0,0,0,0,0,0,0,0,0
301,0,7,4,195.715,174.08,8,1,0,0,0,0,0,0,0,0,0
301,0,7,5,164.352,185.861,8,0,0,0,0,0,0,0,0,0,0
301,0,7,6,127.929,167.586,8,0,0,0,0,0,0,0,0,0,0
301,0,7,7,203.192,123.598,9,1,0,0,0,0,0,0,80,177.908,120.468
301,0,7,8,143.889,175.475,9,0,0,0,0,0,0,0,45,167.069,135.16
301,0,7,9,130.272,126.482,9,0,0,0,0,0,0,0,75,160.255,131.346
301,0,8,1,118.154,196.704,7,0,0,0,0,0,0,0,0,0,0
301,0,8,2,116.768,165.316,7,0,0,0,0,0,0,0,0,0,0
301,0,8,3,137.605,148.608,7,0,0,0,0,0,0,0,0,0,0
301,0,8,4,164.028,179.566,8,0,0,0,0,0,0,0,0,0,0
301,0,8,5,150.878,176.183,8,0,0,0,0,0,0,0,0,0,0
301,0,8,6,162.177,138.507,8,0,0,0,0,0,0,0,0,0,0
301,0,8,7,181.904,108.317,9,0,0,0,0,0,0,0,85,177.855,120.405
301,0,8,8,134.934,180.355,9,0,0,0,0,0,0,0,47,160.24,134.51
301,0,8,9,164.246,177.057,9,0,0,0,0,0,0,0,54,167.155,135.151
301,0,9,1,188.183,135.342,7,0,0,0,0,0,0,0,0,0,0
301,0,9,2,101.367,142.001,7,0,0,0,0,0,0,0,0,0,0
301,0,9,3,145.878,178.671,7,0,0,0,0,0,0,0,0,0,0
301,0,9,4,113.537,167.17,8,0,0,0,0,0,0,0,0,0,0
301,0,9,5,178.763,130.999,8,0,0,0,0,0,0,0,0,0,0
301,0,9,6,178.252,110.342,8,0,0,0,0,0,0,0,0,0,0
301,0,9,7,136.989,145.379,9,0,0,0,0,0,0,0,78,160.367,134.342
301,0,9,8,160.539,107.269,9,0,0,0,0,0,0,0,79,165.837,123.195
301,0,9,9,150.839,124.569,9,0,0,0,0,0,0,0,66,165.901,123.241
401,0,1,1,142.063,134.711,1,1,0,0,0,0,0,0,0,0,0
401,0,1,2,131.8,130.219,1,0,0,0,0,0,0,0,0,0,0
401,0,1,3,138.456,134.223,1,0,0,0,0,0,0,0,0,0,0
401,0,1,4,206.491,156.63,2,1,62,164.974,174.724,0,0,0,0,0,0
401,0,1,5,138.263,157.65,2,0,77,152.861,173.325,0,0,0,0,0,0
401,0,1,6,181.73,143.785,2,0,72,166.742,169.185,0,0,0,0,0,0
401,0,1,7,133.638,183.905,3,1,0,0,0,0,0,0,0,0,0
401,0,1,8,157.421,116.294,3,0,0,0,0,0,0,0,0,0,0
401,0,1,9,145.637,162.252,3,0,0,0,0,0,0,0,0,0,0
401,0,2,1,149.716,128.971,1,0,0,0,0,0,0,0,0,0,0
401,0,2,2,163.983,157.636,1,0,0,0,0,0,0,0,0,0,0
401,0,2,3,200.274,115.449,1,0,0,0,0,0,0,0,0,0,0
401,0,2,4,102.904,189.025,2,0,34,148.918,191.198,0,0,0,0,0,0
401,0,2,5,158.866,198.934,2,0,87,157.885,191.868,0,0,0,0,0,0
401,0,2,6,190.784,107.923,2,0,27,166.655,168.36,0,0,0,0,0,0
401,0,2,7,170.251,167.072,3,0,0,0,0,0,0,0,0,0,0
401,0,2,8,160.048,115.936,3,0,0,0,0,0,0,0,0,0,0
401,0,2,9,134.429,138.304,3,0,0,0,0,0,0,0,0,0,0
401,0,3,1,99.7731,186.205,1,0,0,0,0,0,0,0,0,0,0
401,0,3,2,181.308,188.077,1,0,0,0,0,0,0,0,0,0,0
401,0,3,3,183.036,148.955,1,0,0,0,0,0,0,0,0,0,0
401,0,3,4,156.859,147.992,2,0,77,158.563,170.555,0,0,0,0,0,0
401,0,3,5,166.083,109.74,2,0,44,166.059,167.801,0,0,0,0,0,0
401,0,3,6,159.749,110.189,2,0,48,166.276,168.028,0,0,0,0,0,0
401,0,3,7,178.956,190.169,3,0,0,0,0,0,0,0,0,0,0
401,0,3,8,115.778,112.253,3,0,0,0,0,0,0,0,0,0,0
401,0,3,9,158.111,185.531,3,0,0,0,0,0,0,0,0,0,0
401,0,4,1,219.477,191.921,4,1,0,0,0,0,0,0,0,0,0
401,0,4,2,152.782,162.096,4,0,0,0,0,0,0,0,0,0,0
401,0,4,3,125.066,198.145,4,0,0,0,0,0,0,0,0,0,0
401,0,4,4,218.294,109.739,5,1,0,0,0,0,0,0,0,0,0
401,0,4,5,154.036,127.16,5,0,0,0,0,0,0,0,0,0,0
401,0,4,6,199.94,158.841,5,0,0,0,0,0,0,0,0,0,0
401,0,4,7,206.086,163.542,6,1,0,0,0,77,180.602,162.615,0,0,0
401,0,4,8,172.973,152.288,6,0,0,0,0,87,160.64,147.063,0,0,0
401,0,4,9,115.525,151.846,6,0,0,0,0,28,159.78,147.286,0,0,0
401,0,5,1,117.02,145.772,4,0,0,0,0,0,0,0,0,0,0
401,0,5,2,180.472,134.922,4,0,0,0,0,0,0,0,0,0,0
401,0,5,3,181.993,183.419,4,0,0,0,0,0,0,0,0,0,0
401,0,5,4,138.509,149.861,5,0,0,0,0,0,0,0,0,0,0
401,0,5,5,105.567,159.879,5,0,0,0,0,0,0,0,0,0,0
401,0,5,6,130.37,178.098,5,0,0,0,0,0,0,0,0,0,0
401,0,5,7,134.779,101.022,6,0,0,0,0,43,159.967,146.903,0,0,0
401,0,5,8,142.067,152.582,6,0,0,0,0,70,160.269,147.566,0,0,0
401,0,5,9,148.026,121.23,6,0,0,0,0,71,160.642,146.775,0,0,0
401,0,6,1,194.269,105.468,4,0,0,0,0,0,0,0,0,0,0
401,0,6,2,149.383,100.354,4,0,0,0,0,0,0,0,0,0,0
401,0,6,3,149.748,170.564,4,0,0,0,0,0,0,0,0,0,0
401,0,6,4,197.078,173.671,5,0,0,0,0,0,0,0,0,0,0
401,0,6,5,114.003,166.083,5,0,0,0,0,0,0,0,0,0,0
401,0,6,6,167.741,189.97,5,0,0,0,0,0,0,0,0,0,0
401,0,6,7,143.779,183.036,6,0,0,0,0,79,162.231,167.412,0,0,0
401,0,6,8,192.94,172.537,6,0,0,0,0,80,179.279,164.877,0,0,0
401,0,6,9,177.914,143.115,6,0,0,0,0,82,177.707,148.561,0,0,0
401,0,7,1,194.335,109.593,7,1,0,0,0,0,0,0,0,0,0
401,0,7,2,188.046,163.385,7,0,0,0,0,0,0,0,0,0,0
401,0,7,3,160.498,116.527,7,0,0,0,0,0,0,0,0,0,0
401,0,7,4,196.783,175.72,8,1,0,0,0,0,0,0,0,0,0
401,0,7,5,163.61,184.004,8,0,0,0,0,0,0,0,0,0,0
401,0,7,6,127.302,169.544,8,0,0,0,0,0,0,0,0,0,0
401,0,7,7,204.697,123.115,9,1,0,0,0,0,0,0,83,178.391,120.273
401,0,7,8,142.812,175.309,9,0,0,0,0,0,0,0,54,166.449,136.628
401,0,7,9,128.759,127.355,9,0,0,0,0,0,0,0,75,160.025,131.498
401,0,8,1,120.19,195.97,7,0,0,0,0,0,0,0,0,0,0
401,0,8,2,115.599,166.548,7,0,0,0,0,0,0,0,0,0,0
401,0,8,3,137.332,148.563,7,0,0,0,0,0,0,0,0,0,0
401,0,8,4,164.313,178.996,8,0,0,0,0,0,0,0,0,0,0
401,0,8,5,153.07,175.414,8,0,0,0,0,0,0,0,0,0,0
401,0,8,6,163.356,138.384,8,0,0,0,0,0,0,0,0,0,0
401,0,8,7,182.946,107.733,9,0,0,0,0,0,0,0,84,178.235,120.242
401,0,8,8,134.467,180.163,9,0,0,0,0,0,0,0,48,159.811,134.969
401,0,8,9,166.211,177.139,9,0,0,0,0,0,0,0,58,166.981,136.761
401,0,9,1,187.104,137.036,7,0,0,0,0,0,0,0,0,0,0
401,0,9,2,101.087,141.467,7,0,0,0,0,0,0,0,0,0,0
401,0,9,3,143.672,179.082,7,0,0,0,0,0,0,0,0,0,0
401,0,9,4,113.113,166.314,8,0,0,0,0,0,0,0,0,0,0
401,0,9,5,177.568,131.519,8,0,0,0,0,0,0,0,0,0,0
401,0,9,6,178.278,109.69,8,0,0,0,0,0,0,0,0,0,0
401,0,9,7,137.087,142.883,9,0,0,0,0,0,0,0,82,159.846,134.713
401,0,9,8,161.437,107.58,9,0,0,0,0,0,0,0,81,165.826,123.137
401,0,9,9,151.033,125.665,9,0,0,0,0,0,0,0,68,165.722,123.108
501,0,1,1,142.07,135.695,1,1,0,0,0,0,0,0,0,0,0
501,0,1,2,133.356,131.24,1,0,0,0,0,0,0,0,0,0,0
501,0,1,3,137.274,134.425,1,0,0,0,0,0,0,0,0,0,0
501,0,1,4,205.549,156.238,2,1,61,165.237,173.379,0,0,0,0,0,0
501,0,1,5,140.326,160.541,2,0,79,151.671,172.497,0,0,0,0,0,0
501,0,1,6,180.593,142.667,2,0,74,166.889,167.07,0,0,0,0,0,0
501,0,1,7,134.051,183.517,3,1,0,0,0,0,0,0,0,0,0
501,0,1,8,159.691,116.597,3,0,0,0,0,0,0,0,0,0,0
501,0,1,9,144.061,162.316,3,0,0,0,0,0,0,0,0,0,0
501,0,2,1,147.574,129.589,1,0,0,0,0,0,0,0,0,0,0
501,0,2,2,165.956,158.148,1,0,0,0,0,0,0,0,0,0,0
501,0,2,3,198.348,115.017,1,0,0,0,0,0,0,0,0,0,0
501,0,2,4,102.981,187.8,2,0,38,147.097,191.198,0,0,0,0,0,0
501,0,2,5,160.021,199.111,2,0,79,158.034,191.962,0,0,0,0,0,0
501,0,2,6,189.281,110.209,2,0,28,166.545,166,0,0,0,0,0,0
501,0,2,7,171.18,165.201,3,0,0,0,0,0,0,0,0,0,0
501,0,2,8,159.182,115.795,3,0,0,0,0,0,0,0,0,0,0
501,0,2,9,131.843,140.62,3,0,0,0,0,0,0,0,0,0,0
501,0,3,1,101.282,186.684,1,0,0,0,0,0,0,0,0,0,0
501,0,3,2,184.001,186.811,1,0,0,0,0,0,0,0,0,0,0
501,0,3,3,185.386,150.242,1,0,0,0,0,0,0,0,0,0,0
501,0,3,4,157.017,147.642,2,0,81,158.051,169.906,0,0,0,0,0,0
501,0,3,5,165.697,108.157,2,0,47,166.101,165.423,0,0,0,0,0,0
501,0,3,6,159.916,111.997,2,0,47,165.967,164.947,0,0,0,0,0,0
501,0,3,7,177.99,191.874,3,0,0,0,0,0,0,0,0,0,0
501,0,3,8,115.899,112.441,3,0,0,0,0,0,0,0,0,0,0
501,0,3,9,158.857,188.463,3,0,0,0,0,0,0,0,0,0,0
501,0,4,1,221.029,190.749,4,1,0,0,0,0,0,0,0,0,0
501,0,4,2,152.446,164.354,4,0,0,0,0,0,0,0,0,0,0
501,0,4,3,127.19,195.555,4,0,0,0,0,0,0,0,0,0,0
501,0,4,4,218.006,110.213,5,1,0,0,0,0,0,0,0,0,0
501,0,4,5,153.858,127.727,5,0,0,0,0,0,0,0,0,0,0
501,0,4,6,198.147,160.055,5,0,0,0,0,0,0,0,0,0,0
501,0,4,7,207.344,165.913,6,1,0,0,0,77,180.602,163.357,0,0,0
501,0,4,8,172.117,150.892,6,0,0,0,0,87,159.224,147.048,0,0,0
501,0,4,9,114.906,154.293,6,0,0,0,0,33,157.916,146.982,0,0,0
501,0,5,1,116.735,146.709,4,0,0,0,0,0,0,0,0,0,0
501,0,5,2,178.368,134.442,4,0,0,0,0,0,0,0,0,0,0
501,0,5,3,183.007,183.136,4,0,0,0,0,0,0,0,0,0,0
501,0,5,4,139.493,149.537,5,0,0,0,0,0,0,0,0,0,0
501,0,5,5,106.018,161.813,5,0,0,0,0,0,0,0,0,0,0
501,0,5,6,130.996,179.318,5,0,0,0,0,0,0,0,0,0,0
501,0,5,7,133.55,99.9662,6,0,0,0,0,43,157.977,146.206,0,0,0
501,0,5,8,142.145,152.671,6,0,0,0,0,75,158.082,146.711,0,0,0
501,0,5,9,150.707,121.855,6,0,0,0,0,79,158.403,146.187,0,0,0
501,0,6,1,192.369,104.943,4,0,0,0,0,0,0,0,0,0,0
501,0,6,2,147.637,101.679,4,0,0,0,0,0,0,0,0,0,0
501,0,6,3,148.007,170.381,4,0,0,0,0,0,0,0,0,0,0
501,0,6,4,196.007,174.367,5,0,0,0,0,0,0,0,0,0,0
501,0,6,5,115.639,165.816,5,0,0,0,0,0,0,0,0,0,0
501,0,6,6,168.285,190.409,5,0,0,0,0,0,0,0,0,0,0
501,0,6,7,143.193,182.196,6,0,0,0,0,79,161.861,167.541,0,0,0
501,0,6,8,193.389,171.131,6,0,0,0,0,72,179.237,164.856,0,0,0
501,0,6,9,177.752,143.643,6,0,0,0,0,84,178.089,148.422,0,0,0
501,0,7,1,194.069,110.012,7,1,0,0,0,0,0,0,0,0,0
501,0,7,2,189.107,162.525,7,0,0,0,0,0,0,0,0,0,0
501,0,7,3,159.463,117.097,7,0,0,0,0,0,0,0,0,0,0
501,0,7,4,196.647,175.553,8,1,0,0,0,0,0,0,0,0,0
501,0,7,5,164.083,184.03,8,0,0,0,0,0,0,0,0,0,0
501,0,7,6,127.685,171.021,8,0,0,0,0,0,0,0,0,0,0
501,0,7,7,203.513,120.482,9,1,0,0,0,0,0,0,79,178.96,120.193
501,0,7,8,143.129,174.963,9,0,0,0,0,0,0,0,50,165.375,137.224
501,0,7,9,130.968,127.21,9,0,0,0,0,0,0,0,76,159.395,127.822
501,0,8,1,117.84,196.57,7,0,0,0,0,0,0,0,0,0,0
501,0,8,2,117.637,166.267,7,0,0,0,0,0,0,0,0,0,0
501,0,8,3,135.908,149.811,7,0,0,0,0,0,0,0,0,0,0
501,0,8,4,164.834,178.188,8,0,0,0,0,0,0,0,0,0,0
501,0,8,5,151.787,176.407,8,0,0,0,0,0,0,0,0,0,0
501,0,8,6,162.646,141.195,8,0,0,0,0,0,0,0,0,0,0
501,0,8,7,183.837,109.658,9,0,0,0,0,0,0,0,90,178.816,119.774
501,0,8,8,135.163,181.504,9,0,0,0,0,0,0,0,50,159.521,135.674
501,0,8,9,165.41,174.967,9,0,0,0,0,0,0,0,58,166.511,137.431
501,0,9,1,187.474,133.565,7,0,0,0,0,0,0,0,0,0,0
501,0,9,2,102.579,140.569,7,0,0,0,0,0,0,0,0,0,0
501,0,9,3,148.101,177.623,7,0,0,0,0,0,0,0,0,0,0
501,0,9,4,115.449,167.164,8,0,0,0,0,0,0,0,0,0,0
501,0,9,5,178.384,129.976,8,0,0,0,0,0,0,0,0,0,0
501,0,9,6,178.44,110.116,8,0,0,0,0,0,0,0,0,0,0
501,0,9,7,137.354,144.328,9,0,0,0,0,0,0,0,74,159.751,135.259
501,0,9,8,159.631,105.932,9,0,0,0,0,0,0,0,82,165.56,122.911
501,0,9,9,152.289,126.279,9,0,0,0,0,0,0,0,74,165.596,123.374
601,0,1,1,143.065,132.704,1,1,0,0,0,0,0,0,0,0,0
601,0,1,2,131.437,129.503,1,0,0,0,0,0,0,0,0,0,0
601,0,1,3,140.038,134.52,1,0,0,0,0,0,0,0,0,0,0
601,0,1,4,205.884,156.853,2,1,62,165.629,170.63,0,0,0,0,0,0
601,0,1,5,138.496,158.387,2,0,83,149.775,171.539,0,0,0,0,0,0
601,0,1,6,181.111,142.88,2,0,79,167.453,164.802,0,0,0,0,0,0
601,0,1,7,134.899,182.926,3,1,0,0,0,0,0,0,0,0,0
601,0,1,8,158.208,116.307,3,0,0,0,0,0,0,0,0,0,0
601,0,1,9,146.099,160.527,3,0,0,0,0,0,0,0,0,0,0
601,0,2,1,147.746,129.671,1,0,0,0,0,0,0,0,0,0,0
601,0,2,2,163.807,158.867,1,0,0,0,0,0,0,0,0,0,0
601,0,2,3,197.79,116.485,1,0,0,0,0,0,0,0,0,0,0
601,0,2,4,101.182,189.529,2,0,33,146.598,191.198,0,0,0,0,0,0
601,0,2,5,160.795,197.694,2,0,81,157.964,191.946,0,0,0,0,0,0
601,0,2,6,190.705,108.283,2,0,30,168.085,164.73,0,0,0,0,0,0
601,0,2,7,168.872,162.691,3,0,0,0,0,0,0,0,0,0,0
601,0,2,8,158.551,115.201,3,0,0,0,0,0,0,0,0,0,0
601,0,2,9,131.876,139.765,3,0,0,0,0,0,0,0,0,0,0
601,0,3,1,102.057,185.328,1,0,0,0,0,0,0,0,0,0,0
601,0,3,2,183.915,189.194,1,0,0,0,0,0,0,0,0,0,0
601,0,3,3,182.42,151.316,1,0,0,0,0,0,0,0,0,0,0
601,0,3,4,157.904,146.777,2,0,69,158.1,169.191,0,0,0,0,0,0
601,0,3,5,165.998,109.473,2,0,53,166.468,164.719,0,0,0,0,0,0
601,0,3,6,161.626,112.301,2,0,48,166.218,164.698,0,0,0,0,0,0
601,0,3,7,177.868,193.56,3,0,0,0,0,0,0,0,0,0,0
601,0,3,8,114.626,111.394,3,0,0,0,0,0,0,0,0,0,0
601,0,3,9,157.971,189.943,3,0,0,0,0,0,0,0,0,0,0
601,0,4,1,221.507,190.109,4,1,0,0,0,0,0,0,0,0,0
601,0,4,2,150.655,164.933,4,0,0,0,0,0,0,0,0,0,0
601,0,4,3,126.548,197.812,4,0,0,0,0,0,0,0,0,0,0
601,0,4,4,216.887,109.881,5,1,0,0,0,0,0,0,0,0,0
601,0,4,5,153.808,128.378,5,0,0,0,0,0,0,0,0,0,0
601,0,4,6,198.764,160.494,5,0,0,0,0,0,0,0,0,0,0
601,0,4,7,209.006,166.112,6,1,0,0,0,71,180.952,163.001,0,0,0
601,0,4,8,172.934,150.995,6,0,0,0,0,86,158.3,145.976,0,0,0
601,0,4,9,115.207,151.478,6,0,0,0,0,32,157.812,147.151,0,0,0
601,0,5,1,116.336,148.962,4,0,0,0,0,0,0,0,0,0,0
601,0,5,2,178.886,135.924,4,0,0,0,0,0,0,0,0,0,0
601,0,5,3,182.373,182.418,4,0,0,0,0,0,0,0,0,0,0
601,0,5,4,137.733,150.079,5,0,0,0,0,0,0,0,0,0,0
601,0,5,5,104.496,162.118,5,0,0,0,0,0,0,0,0,0,0
601,0,5,6,130.095,177.876,5,0,0,0,0,0,0,0,0,0,0
601,0,5,7,134.28,100.054,6,0,0,0,0,47,157.819,143.164,0,0,0
601,0,5,8,141.944,153.98,6,0,0,0,0,71,157.823,146.61,0,0,0
601,0,5,9,147.449,121.045,6,0,0,0,0,73,157.927,145.36,0,0,0
601,0,6,1,193.233,103.301,4,0,0,0,0,0,0,0,0,0,0
601,0,6,2,149.375,98.9101,4,0,0,0,0,0,0,0,0,0,0
601,0,6,3,147.469,170.985,4,0,0,0,0,0,0,0,0,0,0
601,0,6,4,196.362,173.664,5,0,0,0,0,0,0,0,0,0,0
601,0,6,5,114.445,166.053,5,0,0,0,0,0,0,0,0,0,0
601,0,6,6,168.167,191.888,5,0,0,0,0,0,0,0,0,0,0
601,0,6,7,143.286,182.751,6,0,0,0,0,72,160.129,167.467,0,0,0
601,0,6,8,192.176,171.336,6,0,0,0,0,79,179.327,165.174,0,0,0
601,0,6,9,180.313,144.494,6,0,0,0,0,86,178.613,148.307,0,0,0
601,0,7,1,194.117,108.62,7,1,0,0,0,0,0,0,0,0,0
601,0,7,2,187.678,162.221,7,0,0,0,0,0,0,0,0,0,0
601,0,7,3,159.371,116.612,7,0,0,0,0,0,0,0,0,0,0
601,0,7,4,198.321,173.796,8,1,0,0,0,0,0,0,0,0,0
601,0,7,5,164.571,184.326,8,0,0,0,0,0,0,0,0,0,0
601,0,7,6,126.773,166.331,8,0,0,0,0,0,0,0,0,0,0
601,0,7,7,203.002,123.854,9,1,0,0,0,0,0,0,80,180.403,120.059
601,0,7,8,142.682,176.121,9,0,0,0,0,0,0,0,53,164.993,137.85
601,0,7,9,130.748,127.941,9,0,0,0,0,0,0,0,74,157.911,128.555
601,0,8,1,118.126,197.286,7,0,0,0,0,0,0,0,0,0,0
601,0,8,2,116.879,163.919,7,0,0,0,0,0,0,0,0,0,0
601,0,8,3,137.174,147.283,7,0,0,0,0,0,0,0,0,0,0
601,0,8,4,164.945,177.805,8,0,0,0,0,0,0,0,0,0,0
601,0,8,5,150.804,174.244,8,0,0,0,0,0,0,0,0,0,0
601,0,8,6,163.376,140.578,8,0,0,0,0,0,0,0,0,0,0
601,0,8,7,182.246,108.795,9,0,0,0,0,0,0,0,86,180.125,119.573
601,0,8,8,135.655,180.318,9,0,0,0,0,0,0,0,54,159.497,136.155
601,0,8,9,166.424,179.145,9,0,0,0,0,0,0,0,55,165.234,138.08
601,0,9,1,186.668,136.34,7,0,0,0,0,0,0,0,0,0,0
601,0,9,2,100.685,140.527,7,0,0,0,0,0,0,0,0,0,0
601,0,9,3,145.351,176.964,7,0,0,0,0,0,0,0,0,0,0
601,0,9,4,114.839,168.237,8,0,0,0,0,0,0,0,0,0,0
601,0,9,5,175.54,131.191,8,0,0,0,0,0,0,0,0,0,0
601,0,9,6,178.155,111.282,8,0,0,0,0,0,0,0,0,0,0
601,0,9,7,135.389,144.21,9,0,0,0,0,0,0,0,75,159.478,135.841
601,0,9,8,160.635,105.192,9,0,0,0,0,0,0,0,76,165.417,122.439
601,0,9,9,152.853,124.933,9,0,0,0,0,0,0,0,73,165.315,122.787
701,0,1,1,141.483,133.996,1,1,0,0,0,0,0,0,0,0,0
701,0,1,2,131.245,131.701,1,0,0,0,0,0,0,0,0,0,0
701,0,1,3,137.738,133.527,1,0,0,0,0,0,0,0,0,0,0
701,0,1,4,205.95,155.837,2,1,60,165.807,170.143,0,0,0,0,0,0
701,0,1,5,139.018,156.875,2,0,81,149.127,171.601,0,0,0,0,0,0
701,0,1,6,180.972,144.436,2,0,73,168.737,163.911,0,0,0,0,0,0
701,0,1,7,132.012,183.478,3,1,0,0,0,0,0,0,0,0,0
701,0,1,8,159.193,117.936,3,0,0,0,0,0,0,0,0,0,0
701,0,1,9,144.279,161.909,3,0,0,0,0,0,0,0,0,0,0
701,0,2,1,147.777,127.415,1,0,0,0,0,0,0,0,0,0,0
701,0,2,2,164.955,156.062,1,0,0,0,0,0,0,0,0,0,0
701,0,2,3,199.439,115.201,1,0,0,0,0,0,0,0,0,0,0
701,0,2,4,100.896,189.442,2,0,37,145.312,191.108,0,0,0,0,0,0
701,0,2,5,159.504,200.155,2,0,85,157.99,191.945,0,0,0,0,0,0
701,0,2,6,190.206,109.5,2,0,31,168.785,163.307,0,0,0,0,0,0
701,0,2,7,168.986,162.208,3,0,0,0,0,0,0,0,0,0,0
701,0,2,8,161.095,114.439,3,0,0,0,0,0,0,0,0,0,0
701,0,2,9,132.641,143.342,3,0,0,0,0,0,0,0,0,0,0
701,0,3,1,100.262,185.1,1,0,0,0,0,0,0,0,0,0,0
701,0,3,2,182.811,189.43,1,0,0,0,0,0,0,0,0,0,0
701,0,3,3,184.338,150.148,1,0,0,0,0,0,0,0,0,0,0
701,0,3,4,159.054,146.653,2,0,77,158.202,168.768,0,0,0,0,0,0
701,0,3,5,165.865,108.878,2,0,49,167.412,164.026,0,0,0,0,0,0
701,0,3,6,158.617,110.881,2,0,51,166.571,164.248,0,0,0,0,0,0
701,0,3,7,177.473,192.453,3,0,0,0,0,0,0,0,0,0,0
701,0,3,8,113.523,111.726,3,0,0,0,0,0,0,0,0,0,0
701,0,3,9,157.693,187.443,3,0,0,0,0,0,0,0,0,0,0
701,0,4,1,219.798,190.64,4,1,0,0,0,0,0,0,0,0,0
701,0,4,2,152.813,164.527,4,0,0,0,0,0,0,0,0,0,0
701,0,4,3,126.583,195.987,4,0,0,0,0,0,0,0,0,0,0
701,0,4,4,216.412,109.309,5,1,0,0,0,0,0,0,0,0,0
701,0,4,5,154.214,127.463,5,0,0,0,0,0,0,0,0,0,0
701,0,4,6,199.824,161.1,5,0,0,0,0,0,0,0,0,0,0
701,0,4,7,207.884,165.673,6,1,0,0,0,77,181.964,162.935,0,0,0
701,0,4,8,173.228,153.697,6,0,0,0,0,84,157.753,145.488,0,0,0
701,0,4,9,116.231,151.247,6,0,0,0,0,34,156.908,147.079,0,0,0
701,0,5,1,116.256,146.821,4,0,0,0,0,0,0,0,0,0,0
701,0,5,2,178.212,136.568,4,0,0,0,0,0,0,0,0,0,0
701,0,5,3,182.917,181.989,4,0,0,0,0,0,0,0,0,0,0
701,0,5,4,138.417,151.099,5,0,0,0,0,0,0,0,0,0,0
701,0,5,5,105.975,158.736,5,0,0,0,0,0,0,0,0,0,0
701,0,5,6,132.341,178.678,5,0,0,0,0,0,0,0,0,0,0
701,0,5,7,133.872,102.859,6,0,0,0,0,48,157.806,142.817,0,0,0
701,0,5,8,140.478,153.387,6,0,0,0,0,77,157.489,146.519,0,0,0
701,0,5,9,149.568,121.301,6,0,0,0,0,69,157.775,143.41,0,0,0
701,0,6,1,194.262,104.847,4,0,0,0,0,0,0,0,0,0,0
701,0,6,2,149.624,100.685,4,0,0,0,0,0,0,0,0,0,0
701,0,6,3,148.762,169.403,4,0,0,0,0,0,0,0,0,0,0
701,0,6,4,195.596,174.85,5,0,0,0,0,0,0,0,0,0,0
701,0,6,5,114.698,165.077,5,0,0,0,0,0,0,0,0,0,0
701,0,6,6,170.162,189.432,5,0,0,0,0,0,0,0,0,0,0
701,0,6,7,142.451,184.103,6,0,0,0,0,87,159.218,167.508,0,0,0
701,0,6,8,191.144,171.266,6,0,0,0,0,81,179.342,165.158,0,0,0
701,0,6,9,179.625,145.237,6,0,0,0,0,81,178.813,148.005,0,0,0
701,0,7,1,193.812,109.06,7,1,0,0,0,0,0,0,0,0,0
701,0,7,2,188.199,164.068,7,0,0,0,0,0,0,0,0,0,0
701,0,7,3,159.675,114.925,7,0,0,0,0,0,0,0,0,0,0
701,0,7,4,197.986,174.53,8,1,0,0,0,0,0,0,0,0,0
701,0,7,5,163.4,187.159,8,0,0,0,0,0,0,0,0,0,0
701,0,7,6,125.805,169.415,8,0,0,0,0,0,0,0,0,0,0
701,0,7,7,203.637,124.508,9,1,0,0,0,0,0,0,86,181.507,120.064
701,0,7,8,143.445,172.86,9,0,0,0,0,0,0,0,60,164.745,139.861
701,0,7,9,130.418,127.08,9,0,0,0,0,0,0,0,80,155.626,130.569
701,0,8,1,120.27,197.784,7,0,0,0,0,0,0,0,0,0,0
701,0,8,2,115.011,166.323,7,0,0,0,0,0,0,0,0,0,0
701,0,8,3,136.629,147.2,7,0,0,0,0,0,0,0,0,0,0
701,0,8,4,165.272,178.948,8,0,0,0,0,0,0,0,0,0,0
701,0,8,5,151.447,174.798,8,0,0,0,0,0,0,0,0,0,0
701,0,8,6,162.674,139.331,8,0,0,0,0,0,0,0,0,0,0
701,0,8,7,183.672,107.417,9,0,0,0,0,0,0,0,87,181.09,119.384
701,0,8,8,132.244,179.25,9,0,0,0,0,0,0,0,53,154.04,137.009
701,0,8,9,164.941,176.345,9,0,0,0,0,0,0,0,58,165.048,139.911
701,0,9,1,187.403,134.77,7,0,0,0,0,0,0,0,0,0,0
701,0,9,2,102.53,141.103,7,0,0,0,0,0,0,0,0,0,0
701,0,9,3,145.694,178.243,7,0,0,0,0,0,0,0,0,0,0
701,0,9,4,113.753,167.842,8,0,0,0,0,0,0,0,0,0,0
701,0,9,5,178.603,133.017,8,0,0,0,0,0,0,0,0,0,0
701,0,9,6,177.974,108.946,8,0,0,0,0,0,0,0,0,0,0
701,0,9,7,136.082,142.922,9,0,0,0,0,0,0,0,84,154.631,136.972
701,0,9,8,158.26,108.432,9,0,0,0,0,0,0,0,78,165.182,122.074
701,0,9,9,150.444,125.439,9,0,0,0,0,0,0,0,69,165.132,122.586
801,0,1,1,141.386,134.538,1,1,0,0,0,0,0,0,0,0,0
801,0,1,2,131.322,129.833,1,0,0,0,0,0,0,0,0,0,0
801,0,1,3,137.829,135.883,1,0,0,0,0,0,0,0,0,0,0
801,0,1,4,205.469,152.74,2,1,63,166.393,169.564,0,0,0,0,0,0
801,0,1,5,139.186,159.185,2,0,84,148.566,171.507,0,0,0,0,0,0
801,0,1,6,180.532,144.524,2,0,78,168.901,161.657,0,0,0,0,0,0
801,0,1,7,132.416,182.651,3,1,0,0,0,0,0,0,0,0,0
801,0,1,8,158.751,115.407,3,0,0,0,0,0,0,0,0,0,0
801,0,1,9,144.014,162.497,3,0,0,0,0,0,0,0,0,0,0
801,0,2,1,149.205,131.242,1,0,0,0,0,0,0,0,0,0,0
801,0,2,2,163.084,158.925,1,0,0,0,0,0,0,0,0,0,0
801,0,2,3,197.077,116.713,1,0,0,0,0,0,0,0,0,0,0
801,0,2,4,102.01,188.282,2,0,38,143.467,191.198,0,0,0,0,0,0
801,0,2,5,162.203,196.858,2,0,84,157.979,192.174,0,0,0,0,0,0
801,0,2,6,190.477,109.836,2,0,31,169.057,160.848,0,0,0,0,0,0
801,0,2,7,170.102,164.089,3,0,0,0,0,0,0,0,0,0,0
801,0,2,8,159.405,114.877,3,0,0,0,0,0,0,0,0,0,0
801,0,2,9,130.874,140.021,3,0,0,0,0,0,0,0,0,0,0
801,0,3,1,100.531,188.619,1,0,0,0,0,0,0,0,0,0,0
801,0,3,2,183.594,187.949,1,0,0,0,0,0,0,0,0,0,0
801,0,3,3,182.41,149.657,1,0,0,0,0,0,0,0,0,0,0
801,0,3,4,157.712,147.423,2,0,74,157.919,168.69,0,0,0,0,0,0
801,0,3,5,167.22,110.948,2,0,53,168.383,160.456,0,0,0,0,0,0
801,0,3,6,160.519,111.254,2,0,55,166.976,161.273,0,0,0,0,0,0
801,0,3,7,178.355,191.699,3,0,0,0,0,0,0,0,0,0,0
801,0,3,8,116.878,113.35,3,0,0,0,0,0,0,0,0,0,0
801,0,3,9,157.143,188.597,3,0,0,0,0,0,0,0,0,0,0
801,0,4,1,222.345,189.662,4,1,0,0,0,0,0,0,0,0,0
801,0,4,2,153.58,165.179,4,0,0,0,0,0,0,0,0,0,0
801,0,4,3,125.435,195.183,4,0,0,0,0,0,0,0,0,0,0
801,0,4,4,217.565,109.022,5,1,0,0,0,0,0,0,0,0,0
801,0,4,5,154.246,127.84,5,0,0,0,0,0,0,0,0,0,0
801,0,4,6,198.246,159.238,5,0,0,0,0,0,0,0,0,0,0
801,0,4,7,207.153,164.578,6,1,0,0,0,73,182.703,163.36,0,0,0
801,0,4,8,173.959,152.907,6,0,0,0,0,83,157.053,147.624,0,0,0
801,0,4,9,113.412,151.937,6,0,0,0,0,34,156.453,148.142,0,0,0
801,0,5,1,116.734,146.094,4,0,0,0,0,0,0,0,0,0,0
801,0,5,2,179.81,134.256,4,0,0,0,0,0,0,0,0,0,0
801,0,5,3,181.088,182.638,4,0,0,0,0,0,0,0,0,0,0
801,0,5,4,138.224,149.255,5,0,0,0,0,0,0,0,0,0,0
801,0,5,5,105.371,158.926,5,0,0,0,0,0,0,0,0,0,0
801,0,5,6,130.719,179.745,5,0,0,0,0,0,0,0,0,0,0
801,0,5,7,133.3,101.831,6,0,0,0,0,55,157.797,140.783,0,0,0
801,0,5,8,140.756,154.037,6,0,0,0,0,79,156.509,148.304,0,0,0
801,0,5,9,149.131,121.033,6,0,0,0,0,76,157.857,143.305,0,0,0
801,0,6,1,194.14,103.897,4,0,0,0,0,0,0,0,0,0,0
801,0,6,2,148.674,99.3599,4,0,0,0,0,0,0,0,0,0,0
801,0,6,3,147.792,172.389,4,0,0,0,0,0,0,0,0,0,0
801,0,6,4,197.424,174.842,5,0,0,0,0,0,0,0,0,0,0
801,0,6,5,116.588,165.201,5,0,0,0,0,0,0,0,0,0,0
801,0,6,6,167.494,190.357,5,0,0,0,0,0,0,0,0,0,0
801,0,6,7,145.011,182.14,6,0,0,0,0,83,158.801,167.583,0,0,0
801,0,6,8,192.948,170.095,6,0,0,0,0,78,179.326,165.936,0,0,0
801,0,6,9,179.72,144.83,6,0,0,0,0,76,178.793,147.749,0,0,0
801,0,7,1,195.506,110.946,7,1,0,0,0,0,0,0,0,0,0
801,0,7,2,188.034,160.813,7,0,0,0,0,0,0,0,0,0,0
801,0,7,3,161.954,114.935,7,0,0,0,0,0,0,0,0,0,0
801,0,7,4,198.626,174.265,8,1,0,0,0,0,0,0,0,0,0
801,0,7,5,163.49,187.066,8,0,0,0,0,0,0,0,0,0,0
801,0,7,6,125.965,171.254,8,0,0,0,0,0,0,0,0,0,0
801,0,7,7,203.114,123.818,9,1,0,0,0,0,0,0,85,182.256,119.817
801,0,7,8,142.82,175.034,9,0,0,0,0,0,0,0,58,164.732,140.48
801,0,7,9,130.994,127.242,9,0,0,0,0,0,0,0,75,153.459,126.836
801,0,8,1,120.41,196.692,7,0,0,0,0,0,0,0,0,0,0
801,0,8,2,117.619,166.289,7,0,0,0,0,0,0,0,0,0,0
801,0,8,3,136.507,147.748,7,0,0,0,0,0,0,0,0,0,0
801,0,8,4,165.283,179.277,8,0,0,0,0,0,0,0,0,0,0
801,0,8,5,149.641,176.141,8,0,0,0,0,0,0,0,0,0,0
801,0,8,6,162.181,140.007,8,0,0,0,0,0,0,0,0,0,0
801,0,8,7,183.994,107.22,9,0,0,0,0,0,0,0,85,182.146,118.782
801,0,8,8,134.878,180.378,9,0,0,0,0,0,0,0,57,153.534,138.826
801,0,8,9,163.27,177.609,9,0,0,0,0,0,0,0,62,164.862,140.439
801,0,9,1,187.424,132.678,7,0,0,0,0,0,0,0,0,0,0
801,0,9,2,102.372,139.919,7,0,0,0,0,0,0,0,0,0,0
801,0,9,3,145.042,179.418,7,0,0,0,0,0,0,0,0,0,0
801,0,9,4,114.594,167.232,8,0,0,0,0,0,0,0,0,0,0
801,0,9,5,177.018,133.467,8,0,0,0,0,0,0,0,0,0,0
801,0,9,6,177.793,110.966,8,0,0,0,0,0,0,0,0,0,0
801,0,9,7,137.034,142.958,9,0,0,0,0,0,0,0,86,153.501,137.458
801,0,9,8,159.447,107.121,9,0,0,0,0,0,0,0,83,164.847,121.509
801,0,9,9,153.616,125.438,9,0,0,0,0,0,0,0,73,164.784,122.19
901,0,1,1,143.327,136.56,1,1,0,0,0,0,0,0,0,0,0
901,0,1,2,130.788,128.987,1,0,0,0,0,0,0,0,0,0,0
901,0,1,3,138.651,132.244,1,0,0,0,0,0,0,0,0,0,0
901,0,1,4,206.98,155.676,2,1,67,167.602,169.067,0,0,0,0,0,0
901,0,1,5,138.93,159.647,2,0,86,148.256,171.306,0,0,0,0,0,0
901,0,1,6,180.306,144.256,2,0,82,169.051,159.073,0,0,0,0,0,0
901,0,1,7,135.258,184.318,3,1,0,0,0,0,0,0,0,0,0
901,0,1,8,158.304,115.438,3,0,0,0,0,0,0,0,0,0,0
901,0,1,9,145.492,162.137,3,0,0,0,0,0,0,0,0,0,0
901,0,2,1,149.989,130.016,1,0,0,0,0,0,0,0,0,0,0
901,0,2,2,164.399,157.546,1,0,0,0,0,0,0,0,0,0,0
901,0,2,3,199.386,114.545,1,0,0,0,0,0,0,0,0,0,0
901,0,2,4,103.162,189.002,2,0,44,142.462,191.116,0,0,0,0,0,0
901,0,2,5,159.446,199.907,2,0,85,157.776,192.269,0,0,0,0,0,0
901,0,2,6,191.048,109.147,2,0,35,169.117,158.722,0,0,0,0,0,0
901,0,2,7,169.3,164.482,3,0,0,0,0,0,0,0,0,0,0
901,0,2,8,158.51,115.448,3,0,0,0,0,0,0,0,0,0,0
901,0,2,9,133.892,141.953,3,0,0,0,0,0,0,0,0,0,0
901,0,3,1,100.107,186.755,1,0,0,0,0,0,0,0,0,0,0
901,0,3,2,181.432,189.603,1,0,0,0,0,0,0,0,0,0,0
901,0,3,3,182.338,149.915,1,0,0,0,0,0,0,0,0,0,0
901,0,3,4,158.628,148.427,2,0,82,158.413,158.919,0,0,0,0,0,0
901,0,3,5,166.311,108.043,2,0,56,168.128,158.786,0,0,0,0,0,0
901,0,3,6,161.177,110.007,2,0,59,167.484,158.798,0,0,0,0,0,0
901,0,3,7,180.918,192.748,3,0,0,0,0,0,0,0,0,0,0
901,0,3,8,113.53,112.817,3,0,0,0,0,0,0,0,0,0,0
901,0,3,9,157.404,188.148,3,0,0,0,0,0,0,0,0,0,0
901,0,4,1,221.949,191.026,4,1,0,0,0,0,0,0,0,0,0
901,0,4,2,152.35,164.644,4,0,0,0,0,0,0,0,0,0,0
901,0,4,3,125.005,197.83,4,0,0,0,0,0,0,0,0,0,0
901,0,4,4,219.266,109.985,5,1,0,0,0,0,0,0,0,0,0
901,0,4,5,154.02,130.005,5,0,0,0,0,0,0,0,0,0,0
901,0,4,6,197.666,160.134,5,0,0,0,0,0,0,0,0,0,0
901,0,4,7,208.583,166.365,6,1,0,0,0,76,184.939,163.095,0,0,0
901,0,4,8,172.842,152.135,6,0,0,0,0,86,156.926,148.093,0,0,0
901,0,4,9,115.599,153.297,6,0,0,0,0,36,155.822,148.939,0,0,0
901,0,5,1,114.745,146.52,4,0,0,0,0,0,0,0,0,0,0
901,0,5,2,181.343,133.659,4,0,0,0,0,0,0,0,0,0,0
901,0,5,3,183.163,181.928,4,0,0,0,0,0,0,0,0,0,0
901,0,5,4,137.018,149.494,5,0,0,0,0,0,0,0,0,0,0
901,0,5,5,104.477,160.181,5,0,0,0,0,0,0,0,0,0,0
901,0,5,6,129.81,178.098,5,0,0,0,0,0,0,0,0,0,0
901,0,5,7,132.328,102.469,6,0,0,0,0,53,157.819,138.117,0,0,0
901,0,5,8,141.351,154.42,6,0,0,0,0,74,155.973,148.834,0,0,0
901,0,5,9,149.11,121.526,6,0,0,0,0,75,157.774,142.799,0,0,0
901,0,6,1,191.688,103.177,4,0,0,0,0,0,0,0,0,0,0
901,0,6,2,149.721,101.396,4,0,0,0,0,0,0,0,0,0,0
901,0,6,3,147.361,172.592,4,0,0,0,0,0,0,0,0,0,0
901,0,6,4,197.39,174.33,5,0,0,0,0,0,0,0,0,0,0
901,0,6,5,114.852,165.072,5,0,0,0,0,0,0,0,0,0,0
901,0,6,6,167.375,190.277,5,0,0,0,0,0,0,0,0,0,0
901,0,6,7,143.369,182.803,6,0,0,0,0,80,158.717,167.801,0,0,0
901,0,6,8,191.107,170.636,6,0,0,0,0,81,179.352,166.233,0,0,0
901,0,6,9,179.328,144.343,6,0,0,0,0,82,178.856,147.698,0,0,0
901,0,7,1,194.744,108.921,7,1,0,0,0,0,0,0,0,0,0
901,0,7,2,190.119,161.745,7,0,0,0,0,0,0,0,0,0,0
901,0,7,3,159.956,116.048,7,0,0,0,0,0,0,0,0,0,0
901,0,7,4,198.342,173.695,8,1,0,0,0,0,0,0,0,0,0
901,0,7,5,164.852,184.36,8,0,0,0,0,0,0,0,0,0,0
901,0,7,6,128.962,166.91,8,0,0,0,0,0,0,0,0,0,0
901,0,7,7,205.127,122.989,9,1,0,0,0,0,0,0,85,183.48,118.738
901,0,7,8,143.486,174.296,9,0,0,0,0,0,0,0,58,164.424,140.909
901,0,7,9,131.718,126.946,9,0,0,0,0,0,0,0,74,153.506,127.056
901,0,8,1,120.946,196.486,7,0,0,0,0,0,0,0,0,0,0
901,0,8,2,116.242,165.817,7,0,0,0,0,0,0,0,0,0,0
901,0,8,3,137.949,145.383,7,0,0,0,0,0,0,0,0,0,0
901,0,8,4,164.304,179.138,8,0,0,0,0,0,0,0,0,0,0
901,0,8,5,151.865,176.499,8,0,0,0,0,0,0,0,0,0,0
901,0,8,6,162.038,139.7,8,0,0,0,0,0,0,0,0,0,0
901,0,8,7,184.062,107.212,9,0,0,0,0,0,0,0,83,183.336,118.468
901,0,8,8,135.714,180.538,9,0,0,0,0,0,0,0,58,153.435,139.167
901,0,8,9,166.395,178.37,9,0,0,0,0,0,0,0,59,164.587,141.341
901,0,9,1,189.884,136.318,7,0,0,0,0,0,0,0,0,0,0
901,0,9,2,103.12,139.56,7,0,0,0,0,0,0,0,0,0,0
901,0,9,3,146.612,181.02,7,0,0,0,0,0,0,0,0,0,0
901,0,9,4,113.647,167.292,8,0,0,0,0,0,0,0,0,0,0
901,0,9,5,176.188,132.3,8,0,0,0,0,0,0,0,0,0,0
901,0,9,6,178.216,108.911,8,0,0,0,0,0,0,0,0,0,0
901,0,9,7,137.303,143.268,9,0,0,0,0,0,0,0,84,153.467,138.912
901,0,9,8,160.671,106.807,9,0,0,0,0,0,0,0,87,164.749,121.531
901,0,9,9,151.582,124.826,9,0,0,0,0,0,0,0,78,164.407,122.136
